"","species","habitat","food","nesting","behavior","conservation","status","order","family"
"5","American Crow","Open Woodlands","Omnivore","Tree","Ground Forager","Low Concern","Year-round","Passeriformes","Corvidae"
"6","American Goldfinch","Open Woodlands","Seeds","Shrub","Foliage Gleaner","Low Concern","Year-round","Passeriformes","Fringillidae"
"7","American Kestrel","Grasslands","Small Animals","Cavity","Aerial Dive (ground/talons)","Low Concern","Year-round","Falconiformes","Falconidae"
"9","American Redstart","Forests","Insects","Tree","Foliage Gleaner","Low Concern","Breeding","Passeriformes","Parulidae"
"10","American Robin","Open Woodlands","Insects","Tree","Ground Forager","Low Concern","Year-round","Passeriformes","Turdidae"
"11","American Tree Sparrow","Open Woodlands","Seeds","Ground","Ground Forager","Common Bird in Steep Decline","Nonbreeding","Passeriformes","Passerellidae"
"15","Baltimore Oriole","Open Woodlands","Insects","Tree","Foliage Gleaner","Low Concern","Breeding","Passeriformes","Icteridae"
"17","Barn Swallow","Grasslands","Insects","Building","Aerial Forager","Low Concern","Breeding","Passeriformes","Hirundinidae"
"18","Bay-breasted Warbler","Forests","Insects","Tree","Foliage Gleaner","Low Concern","Migrating","Passeriformes","Parulidae"
"19","Belted Kingfisher","Lakes and Ponds","Fish","Burrow","Aerial Dive (water)","Low Concern","Year-round","Coraciiformes","Alcedinidae"
"21","Black-and-white Warbler","Forests","Insects","Ground","Bark Forager","Low Concern","Migrating","Passeriformes","Parulidae"
"23","Black-capped Chickadee","Forests","Insects","Cavity","Foliage Gleaner","Low Concern","Year-round","Passeriformes","Paridae"
"25","Black-throated Blue Warbler","Forests","Insects","Shrub","Foliage Gleaner","Low Concern","Migrating","Passeriformes","Parulidae"
"26","Black-throated Green Warbler","Forests","Insects","Tree","Foliage Gleaner","Low Concern","Migrating","Passeriformes","Parulidae"
"29","Blackburnian Warbler","Forests","Insects","Tree","Foliage Gleaner","Low Concern","Migrating","Passeriformes","Parulidae"
"30","Blackpoll Warbler","Forests","Insects","Tree","Foliage Gleaner","Common Bird in Steep Decline","Migrating","Passeriformes","Parulidae"
"31","Blue-gray Gnatcatcher","Forests","Insects","Tree","Foliage Gleaner","Low Concern","Breeding","Passeriformes","Polioptilidae"
"32","Blue-headed Vireo","Forests","Insects","Tree","Foliage Gleaner","Low Concern","Migrating","Passeriformes","Vireonidae"
"39","Brown-headed Cowbird","Grasslands","Seeds","Tree","Ground Forager","Low Concern","Year-round","Passeriformes","Icteridae"
"40","Brown Creeper","Forests","Insects","Tree","Bark Forager","Low Concern","Nonbreeding","Passeriformes","Certhiidae"
"41","Brown Thrasher","Scrub","Omnivore","Shrub","Ground Forager","Low Concern","Breeding","Passeriformes","Mimidae"
"44","Canada Warbler","Forests","Insects","Ground","Foliage Gleaner","Declining","Migrating","Passeriformes","Parulidae"
"46","Cape May Warbler","Forests","Insects","Tree","Foliage Gleaner","Declining","Migrating","Passeriformes","Parulidae"
"48","Cedar Waxwing","Open Woodlands","Fruit","Tree","Foliage Gleaner","Low Concern","Year-round","Passeriformes","Bombycillidae"
"50","Chestnut-sided Warbler","Open Woodlands","Insects","Shrub","Foliage Gleaner","Low Concern","Breeding","Passeriformes","Parulidae"
"51","Chimney Swift","Towns","Insects","Building","Aerial Forager","Declining","Breeding","Caprimulgiformes","Apodidae"
"52","Chipping Sparrow","Open Woodlands","Seeds","Shrub","Ground Forager","Low Concern","Breeding","Passeriformes","Passerellidae"
"56","Common Grackle","Open Woodlands","Omnivore","Tree","Ground Forager","Common Bird in Steep Decline","Year-round","Passeriformes","Icteridae"
"61","Common Yellowthroat","Scrub","Insects","Shrub","Foliage Gleaner","Low Concern","Breeding","Passeriformes","Parulidae"
"62","Connecticut Warbler","Forests","Insects","Ground","Ground Forager","Declining","Migrating","Passeriformes","Parulidae"
"64","Dark-eyed Junco","Forests","Seeds","Ground","Ground Forager","Low Concern","Nonbreeding","Passeriformes","Passerellidae"
"67","Downy Woodpecker","Forests","Insects","Cavity","Bark Forager","Low Concern","Year-round","Piciformes","Picidae"
"68","Eastern Bluebird","Grasslands","Insects","Cavity","Ground Forager","Low Concern","Year-round","Passeriformes","Turdidae"
"69","Eastern Kingbird","Grasslands","Insects","Tree","Flycatching","Low Concern","Breeding","Passeriformes","Tyrannidae"
"70","Eastern Meadowlark","Grasslands","Insects","Ground","Ground Forager","Common Bird in Steep Decline","Year-round","Passeriformes","Icteridae"
"71","Eastern Phoebe","Open Woodlands","Insects","Building","Flycatching","Low Concern","Breeding","Passeriformes","Tyrannidae"
"73","Eastern Towhee","Scrub","Omnivore","Ground","Ground Forager","Low Concern","Breeding","Passeriformes","Passerellidae"
"75","Eastern Wood-Pewee","Forests","Insects","Tree","Flycatching","Low Concern","Breeding","Passeriformes","Tyrannidae"
"77","Field Sparrow","Scrub","Insects","Ground","Ground Forager","Common Bird in Steep Decline","Year-round","Passeriformes","Passerellidae"
"78","Fox Sparrow","Forests","Insects","Ground","Ground Forager","Low Concern","Nonbreeding","Passeriformes","Passerellidae"
"81","Golden-crowned Kinglet","Forests","Insects","Tree","Foliage Gleaner","Low Concern","Nonbreeding","Passeriformes","Regulidae"
"82","Golden-winged Warbler","Open Woodlands","Insects","Ground","Foliage Gleaner","Red Watch List","Migrating","Passeriformes","Parulidae"
"84","Gray-cheeked Thrush","Forests","Insects","Shrub","Ground Forager","Low Concern","Migrating","Passeriformes","Turdidae"
"85","Gray Catbird","Open Woodlands","Insects","Shrub","Ground Forager","Low Concern","Breeding","Passeriformes","Mimidae"
"87","Great Crested Flycatcher","Open Woodlands","Insects","Cavity","Flycatching","Low Concern","Breeding","Passeriformes","Tyrannidae"
"93","Henslow's Sparrow","Grasslands","Insects","Ground","Ground Forager","Restricted Range","Breeding","Passeriformes","Passerellidae"
"94","Hermit Thrush","Open Woodlands","Insects","Ground","Ground Forager","Low Concern","Migrating","Passeriformes","Turdidae"
"97","Hooded Warbler","Forests","Insects","Shrub","Foliage Gleaner","Low Concern","Breeding","Passeriformes","Parulidae"
"102","House Wren","Open Woodlands","Insects","Cavity","Foliage Gleaner","Low Concern","Breeding","Passeriformes","Troglodytidae"
"103","Indigo Bunting","Open Woodlands","Insects","Shrub","Foliage Gleaner","Low Concern","Breeding","Passeriformes","Cardinalidae"
"107","Least Flycatcher","Forests","Insects","Tree","Flycatching","Common Bird in Steep Decline","Breeding","Passeriformes","Tyrannidae"
"110","Lincoln's Sparrow","Scrub","Insects","Ground","Ground Forager","Low Concern","Migrating","Passeriformes","Passerellidae"
"115","Magnolia Warbler","Forests","Insects","Tree","Foliage Gleaner","Low Concern","Migrating","Passeriformes","Parulidae"
"117","Marsh Wren","Marshes","Insects","Shrub","Ground Forager","Low Concern","Breeding","Passeriformes","Troglodytidae"
"118","Mourning Dove","Open Woodlands","Seeds","Tree","Ground Forager","Low Concern","Year-round","Columbiformes","Columbidae"
"119","Mourning Warbler","Forests","Insects","Ground","Foliage Gleaner","Low Concern","Migrating","Passeriformes","Parulidae"
"120","Nashville Warbler","Forests","Insects","Ground","Foliage Gleaner","Low Concern","Migrating","Passeriformes","Parulidae"
"121","Northern Cardinal","Open Woodlands","Seeds","Shrub","Ground Forager","Low Concern","Year-round","Passeriformes","Cardinalidae"
"122","Northern Flicker","Open Woodlands","Insects","Cavity","Ground Forager","Low Concern","Year-round","Piciformes","Picidae"
"124","Northern Mockingbird","Towns","Omnivore","Shrub","Ground Forager","Low Concern","Breeding","Passeriformes","Mimidae"
"125","Northern Parula","Forests","Insects","Tree","Foliage Gleaner","Low Concern","Migrating","Passeriformes","Parulidae"
"128","Northern Waterthrush","Forests","Insects","Ground","Ground Forager","Low Concern","Migrating","Passeriformes","Parulidae"
"132","Ovenbird","Forests","Insects","Ground","Ground Forager","Low Concern","Breeding","Passeriformes","Parulidae"
"133","Palm Warbler","Open Woodlands","Insects","Ground","Ground Forager","Low Concern","Migrating","Passeriformes","Parulidae"
"137","Pine Warbler","Forests","Insects","Tree","Bark Forager","Low Concern","Migrating","Passeriformes","Parulidae"
"139","Prothonotary Warbler","Forests","Insects","Cavity","Foliage Gleaner","Declining","Breeding","Passeriformes","Parulidae"
"142","Red-bellied Woodpecker","Forests","Insects","Cavity","Bark Forager","Low Concern","Year-round","Piciformes","Picidae"
"144","Red-breasted Nuthatch","Forests","Insects","Cavity","Bark Forager","Low Concern","Nonbreeding","Passeriformes","Sittidae"
"145","Red-eyed Vireo","Forests","Insects","Tree","Foliage Gleaner","Low Concern","Breeding","Passeriformes","Vireonidae"
"146","Red-headed Woodpecker","Open Woodlands","Omnivore","Cavity","Flycatching","Declining","Breeding","Piciformes","Picidae"
"149","Red-winged Blackbird","Marshes","Insects","Shrub","Ground Forager","Low Concern","Year-round","Passeriformes","Icteridae"
"154","Rose-breasted Grosbeak","Forests","Insects","Tree","Foliage Gleaner","Low Concern","Breeding","Passeriformes","Cardinalidae"
"155","Ruby-crowned Kinglet","Forests","Insects","Tree","Foliage Gleaner","Low Concern","Migrating","Passeriformes","Regulidae"
"156","Ruby-throated Hummingbird","Open Woodlands","Nectar","Tree","Hovering","Low Concern","Breeding","Caprimulgiformes","Trochilidae"
"158","Rusty Blackbird","Forests","Insects","Tree","Ground Forager","Common Bird in Steep Decline","Nonbreeding","Passeriformes","Icteridae"
"160","Savannah Sparrow","Grasslands","Insects","Ground","Ground Forager","Low Concern","Breeding","Passeriformes","Passerellidae"
"161","Scarlet Tanager","Forests","Insects","Tree","Foliage Gleaner","Low Concern","Breeding","Passeriformes","Cardinalidae"
"164","Song Sparrow","Open Woodlands","Insects","Shrub","Ground Forager","Low Concern","Year-round","Passeriformes","Passerellidae"
"167","Summer Tanager","Open Woodlands","Insects","Tree","Foliage Gleaner","Low Concern","Out of range","Passeriformes","Cardinalidae"
"168","Swainson's Thrush","Forests","Insects","Shrub","Foliage Gleaner","Low Concern","Migrating","Passeriformes","Turdidae"
"169","Swamp Sparrow","Marshes","Insects","Shrub","Ground Forager","Low Concern","Year-round","Passeriformes","Passerellidae"
"170","Tennessee Warbler","Forests","Insects","Ground","Foliage Gleaner","Low Concern","Migrating","Passeriformes","Parulidae"
"171","Tree Swallow","Lakes and Ponds","Insects","Cavity","Aerial Forager","Low Concern","Breeding","Passeriformes","Hirundinidae"
"172","Veery","Forests","Insects","Ground","Ground Forager","Low Concern","Migrating","Passeriformes","Turdidae"
"173","Vesper Sparrow","Grasslands","Insects","Ground","Ground Forager","Low Concern","Breeding","Passeriformes","Passerellidae"
"175","Warbling Vireo","Open Woodlands","Insects","Tree","Foliage Gleaner","Low Concern","Breeding","Passeriformes","Vireonidae"
"176","White-breasted Nuthatch","Forests","Insects","Cavity","Bark Forager","Low Concern","Year-round","Passeriformes","Sittidae"
"177","White-crowned Sparrow","Scrub","Insects","Ground","Ground Forager","Low Concern","Nonbreeding","Passeriformes","Passerellidae"
"178","White-throated Sparrow","Forests","Seeds","Ground","Ground Forager","Low Concern","Nonbreeding","Passeriformes","Passerellidae"
"181","Wilson's Warbler","Scrub","Insects","Ground","Foliage Gleaner","Common Bird in Steep Decline","Migrating","Passeriformes","Parulidae"
"182","Winter Wren","Forests","Insects","Cavity","Ground Forager","Low Concern","Migrating","Passeriformes","Troglodytidae"
"184","Wood Thrush","Forests","Insects","Tree","Ground Forager","Declining","Breeding","Passeriformes","Turdidae"
"185","Yellow-bellied Flycatcher","Forests","Insects","Ground","Flycatching","Low Concern","Migrating","Passeriformes","Tyrannidae"
"186","Yellow-bellied Sapsucker","Forests","Insects","Cavity","Bark Forager","Low Concern","Migrating","Piciformes","Picidae"
"187","Yellow-billed Cuckoo","Open Woodlands","Insects","Tree","Foliage Gleaner","Common Bird in Steep Decline","Breeding","Cuculiformes","Cuculidae"
"188","Yellow-breasted Chat","Scrub","Insects","Shrub","Foliage Gleaner","Low Concern","Breeding","Passeriformes","Icteriidae"
"190","Yellow-rumped Warbler","Forests","Insects","Tree","Foliage Gleaner","Low Concern","Migrating","Passeriformes","Parulidae"
"191","Yellow-throated Vireo","Open Woodlands","Insects","Tree","Foliage Gleaner","Low Concern","Breeding","Passeriformes","Vireonidae"
"193","Yellow Warbler","Open Woodlands","Insects","Shrub","Foliage Gleaner","Low Concern","Breeding","Passeriformes","Parulidae"
"194","Golden-winged Warbler","Open Woodlands","Insects","Ground","Foliage Gleaner","Red Watch List","Migrating","Passeriformes","Parulidae"
