"ModernName","Year","arrival","ob","julian"
"Acadian Flycatcher",2013,2013-05-28,"Fidino",148
"American Black Duck",2013,2013-03-04,"Fidino",63
"American Black Duck",2014,2014-03-20,"Fidino",79
"American Black Duck",2015,2015-03-04,"Fidino",63
"American Coot",2012,2012-03-08,"Fidino",68
"American Coot",2013,2013-03-12,"Fidino",71
"American Coot",2014,2014-03-28,"Fidino",87
"American Coot",2015,2015-03-11,"Fidino",70
"American Crow",2012,2012-03-01,"Fidino",61
"American Crow",2013,2013-03-01,"Fidino",60
"American Crow",2014,2014-03-03,"Fidino",62
"American Crow",2015,2015-03-02,"Fidino",61
"American Goldfinch",2012,2012-04-10,"Fidino",101
"American Goldfinch",2013,2013-03-01,"Fidino",60
"American Goldfinch",2014,2014-03-11,"Fidino",70
"American Goldfinch",2015,2015-03-03,"Fidino",62
"American Kestrel",2012,2012-05-09,"Fidino",130
"American Kestrel",2013,2013-04-08,"Fidino",98
"American Kestrel",2015,2015-03-04,"Fidino",63
"American Pipit",2014,2014-04-10,"Fidino",100
"American Redstart",2012,2012-05-08,"Fidino",129
"American Redstart",2013,2013-05-06,"Fidino",126
"American Redstart",2014,2014-05-08,"Fidino",128
"American Redstart",2015,2015-05-04,"Fidino",124
"American Robin",2012,2012-03-14,"Fidino",74
"American Robin",2013,2013-03-02,"Fidino",61
"American Robin",2014,2014-03-11,"Fidino",70
"American Robin",2015,2015-03-02,"Fidino",61
"American Tree Sparrow",2012,2012-03-15,"Fidino",75
"American Tree Sparrow",2013,2013-03-02,"Fidino",61
"American Tree Sparrow",2014,2014-03-07,"Fidino",66
"American Tree Sparrow",2015,2015-03-12,"Fidino",71
"American Wigeon",2013,2013-04-05,"Fidino",95
"American Woodcock",2012,2012-05-08,"Fidino",129
"American Woodcock",2013,2013-04-03,"Fidino",93
"American Woodcock",2014,2014-04-10,"Fidino",100
"Baltimore Oriole",2012,2012-05-15,"Fidino",136
"Baltimore Oriole",2013,2013-05-10,"Fidino",130
"Baltimore Oriole",2014,2014-05-07,"Fidino",127
"Baltimore Oriole",2015,2015-05-04,"Fidino",124
"Bank Swallow",2014,2014-04-15,"Fidino",105
"Barn Swallow",2012,2012-05-04,"Fidino",125
"Barn Swallow",2013,2013-04-15,"Fidino",105
"Barn Swallow",2014,2014-04-22,"Fidino",112
"Barn Swallow",2015,2015-04-15,"Fidino",105
"Bay-breasted Warbler",2012,2012-05-18,"Fidino",139
"Bay-breasted Warbler",2013,2013-05-13,"Fidino",133
"Bay-breasted Warbler",2014,2014-05-14,"Fidino",134
"Belted Kingfisher",2012,2012-04-17,"Fidino",108
"Belted Kingfisher",2013,2013-04-05,"Fidino",95
"Belted Kingfisher",2014,2014-04-10,"Fidino",100
"Belted Kingfisher",2015,2015-04-03,"Fidino",93
"Black-and-white Warbler",2012,2012-05-08,"Fidino",129
"Black-and-white Warbler",2013,2013-04-15,"Fidino",105
"Black-and-white Warbler",2014,2014-04-23,"Fidino",113
"Black-and-white Warbler",2015,2015-05-06,"Fidino",126
"Black-capped Chickadee",2012,2012-03-07,"Fidino",67
"Black-capped Chickadee",2013,2013-03-01,"Fidino",60
"Black-capped Chickadee",2014,2014-03-03,"Fidino",62
"Black-capped Chickadee",2015,2015-03-03,"Fidino",62
"Black-crowned Night-Heron",2012,2012-03-01,"Fidino",61
"Black-crowned Night-Heron",2013,2013-03-01,"Fidino",60
"Black-crowned Night-Heron",2014,2014-03-21,"Fidino",80
"Black-crowned Night-Heron",2015,2015-03-26,"Fidino",85
"Black-throated Blue Warbler",2013,2013-05-18,"Fidino",138
"Black-throated Blue Warbler",2014,2014-05-13,"Fidino",133
"Black-throated Blue Warbler",2015,2015-05-13,"Fidino",133
"Black-throated Green Warbler",2012,2012-05-18,"Fidino",139
"Black-throated Green Warbler",2013,2013-05-10,"Fidino",130
"Black-throated Green Warbler",2014,2014-05-10,"Fidino",130
"Black-throated Green Warbler",2015,2015-05-04,"Fidino",124
"Blackburnian Warbler",2012,2012-05-13,"Fidino",134
"Blackburnian Warbler",2013,2013-05-14,"Fidino",134
"Blackburnian Warbler",2014,2014-05-10,"Fidino",130
"Blackburnian Warbler",2015,2015-05-14,"Fidino",134
"Blackpoll Warbler",2012,2012-05-12,"Fidino",133
"Blackpoll Warbler",2013,2013-05-10,"Fidino",130
"Blackpoll Warbler",2014,2014-05-11,"Fidino",131
"Blackpoll Warbler",2015,2015-05-12,"Fidino",132
"Blue-gray Gnatcatcher",2012,2012-05-07,"Fidino",128
"Blue-gray Gnatcatcher",2013,2013-04-23,"Fidino",113
"Blue-gray Gnatcatcher",2014,2014-04-23,"Fidino",113
"Blue-gray Gnatcatcher",2015,2015-04-17,"Fidino",107
"Blue-headed Vireo",2013,2013-05-08,"Fidino",128
"Blue-headed Vireo",2014,2014-05-02,"Fidino",122
"Blue-headed Vireo",2015,2015-05-06,"Fidino",126
"Blue Jay",2012,2012-05-08,"Fidino",129
"Blue Jay",2013,2013-05-01,"Fidino",121
"Blue Jay",2014,2014-04-23,"Fidino",113
"Blue Jay",2015,2015-05-07,"Fidino",127
"Blue-winged Teal",2012,2012-04-06,"Fidino",97
"Blue-winged Teal",2013,2013-04-12,"Fidino",102
"Blue-winged Teal",2014,2014-04-11,"Fidino",101
"Blue-winged Teal",2015,2015-05-04,"Fidino",124
"Blue-winged Warbler",2015,2015-05-04,"Fidino",124
"Brewer's Blackbird",2013,2013-05-13,"Fidino",133
"brewsters warbler",2013,2013-05-28,"Fidino",148
"Brown Creeper",2012,2012-03-22,"Fidino",82
"Brown Creeper",2013,2013-04-08,"Fidino",98
"Brown Creeper",2014,2014-03-28,"Fidino",87
"Brown Creeper",2015,2015-04-01,"Fidino",91
"Brown-headed Cowbird",2012,2012-05-10,"Fidino",131
"Brown-headed Cowbird",2013,2013-04-05,"Fidino",95
"Brown-headed Cowbird",2014,2014-04-09,"Fidino",99
"Brown-headed Cowbird",2015,2015-04-08,"Fidino",98
"Brown Thrasher",2012,2012-04-05,"Fidino",96
"Brown Thrasher",2013,2013-04-12,"Fidino",102
"Brown Thrasher",2014,2014-04-07,"Fidino",97
"Brown Thrasher",2015,2015-04-03,"Fidino",93
"Bufflehead",2012,2012-03-20,"Fidino",80
"Bufflehead",2013,2013-03-06,"Fidino",65
"Bufflehead",2014,2014-03-28,"Fidino",87
"Bufflehead",2015,2015-04-06,"Fidino",96
"Canada Goose",2012,2012-03-01,"Fidino",61
"Canada Goose",2013,2013-03-01,"Fidino",60
"Canada Goose",2014,2014-03-03,"Fidino",62
"Canada Goose",2015,2015-03-02,"Fidino",61
"Canada Warbler",2012,2012-05-18,"Fidino",139
"Canada Warbler",2013,2013-05-18,"Fidino",138
"Canada Warbler",2014,2014-05-14,"Fidino",134
"Canada Warbler",2015,2015-05-12,"Fidino",132
"Cape May Warbler",2012,2012-05-08,"Fidino",129
"Cape May Warbler",2013,2013-05-06,"Fidino",126
"Cape May Warbler",2014,2014-05-10,"Fidino",130
"Cape May Warbler",2015,2015-05-08,"Fidino",128
"Caspian Tern",2012,2012-04-09,"Fidino",100
"Caspian Tern",2013,2013-04-05,"Fidino",95
"Caspian Tern",2014,2014-04-21,"Fidino",111
"Caspian Tern",2015,2015-04-30,"Fidino",120
"Cedar Waxwing",2012,2012-05-08,"Fidino",129
"Cedar Waxwing",2013,2013-05-19,"Fidino",139
"Cedar Waxwing",2014,2014-05-10,"Fidino",130
"Cedar Waxwing",2015,2015-05-27,"Fidino",147
"Cerulean Warbler",2014,2014-05-20,"Fidino",140
"Chestnut-sided Warbler",2012,2012-05-09,"Fidino",130
"Chestnut-sided Warbler",2013,2013-05-09,"Fidino",129
"Chestnut-sided Warbler",2014,2014-05-08,"Fidino",128
"Chestnut-sided Warbler",2015,2015-05-12,"Fidino",132
"Chimney Swift",2012,2012-05-09,"Fidino",130
"Chimney Swift",2013,2013-05-09,"Fidino",129
"Chimney Swift",2014,2014-04-30,"Fidino",120
"Chimney Swift",2015,2015-05-04,"Fidino",124
"Chipping Sparrow",2012,2012-05-12,"Fidino",133
"Chipping Sparrow",2013,2013-04-11,"Fidino",101
"Chipping Sparrow",2014,2014-04-18,"Fidino",108
"Chipping Sparrow",2015,2015-04-10,"Fidino",100
"Clay-colored Sparrow",2012,2012-05-10,"Fidino",131
"Clay-colored Sparrow",2013,2013-05-08,"Fidino",128
"Clay-colored Sparrow",2014,2014-04-30,"Fidino",120
"Clay-colored Sparrow",2015,2015-05-04,"Fidino",124
"Cliff Swallow",2014,2014-05-10,"Fidino",130
"Common Goldeneye",2012,2012-03-20,"Fidino",80
"Common Goldeneye",2013,2013-03-01,"Fidino",60
"Common Goldeneye",2014,2014-03-07,"Fidino",66
"Common Goldeneye",2015,2015-03-03,"Fidino",62
"Common Grackle",2012,2012-03-14,"Fidino",74
"Common Grackle",2013,2013-03-12,"Fidino",71
"Common Grackle",2014,2014-03-14,"Fidino",73
"Common Grackle",2015,2015-03-13,"Fidino",72
"Common Merganser",2014,2014-03-17,"Fidino",76
"Common Yellowthroat",2012,2012-05-07,"Fidino",128
"Common Yellowthroat",2013,2013-04-30,"Fidino",120
"Common Yellowthroat",2014,2014-04-30,"Fidino",120
"Common Yellowthroat",2015,2015-05-04,"Fidino",124
"Connecticut Warbler",2015,2015-05-16,"Fidino",136
"Cooper's Hawk",2012,2012-03-05,"Fidino",65
"Cooper's Hawk",2013,2013-03-02,"Fidino",61
"Cooper's Hawk",2014,2014-03-14,"Fidino",73
"Cooper's Hawk",2015,2015-03-03,"Fidino",62
"Dark-eyed Junco",2012,2012-03-12,"Fidino",72
"Dark-eyed Junco",2013,2013-03-01,"Fidino",60
"Dark-eyed Junco",2014,2014-03-03,"Fidino",62
"Dark-eyed Junco",2015,2015-03-03,"Fidino",62
"Double-crested Cormorant",2012,2012-04-27,"Fidino",118
"Double-crested Cormorant",2013,2013-04-04,"Fidino",94
"Double-crested Cormorant",2014,2014-05-19,"Fidino",139
"Double-crested Cormorant",2015,2015-04-24,"Fidino",114
"Downy Woodpecker",2012,2012-03-05,"Fidino",65
"Downy Woodpecker",2013,2013-03-01,"Fidino",60
"Downy Woodpecker",2014,2014-03-07,"Fidino",66
"Downy Woodpecker",2015,2015-03-03,"Fidino",62
"Eastern Bluebird",2013,2013-04-23,"Fidino",113
"Eastern Bluebird",2014,2014-04-29,"Fidino",119
"Eastern Kingbird",2012,2012-05-19,"Fidino",140
"Eastern Kingbird",2013,2013-05-01,"Fidino",121
"Eastern Kingbird",2014,2014-05-11,"Fidino",131
"Eastern Kingbird",2015,2015-05-09,"Fidino",129
"Eastern Meadowlark",2012,2012-03-20,"Fidino",80
"Eastern Meadowlark",2013,2013-04-05,"Fidino",95
"Eastern Meadowlark",2014,2014-04-30,"Fidino",120
"Eastern Meadowlark",2015,2015-03-31,"Fidino",90
"Eastern Phoebe",2012,2012-03-08,"Fidino",68
"Eastern Phoebe",2013,2013-04-01,"Fidino",91
"Eastern Phoebe",2014,2014-03-31,"Fidino",90
"Eastern Phoebe",2015,2015-03-31,"Fidino",90
"Eastern Towhee",2012,2012-05-13,"Fidino",134
"Eastern Towhee",2013,2013-04-08,"Fidino",98
"Eastern Towhee",2014,2014-04-18,"Fidino",108
"Eastern Towhee",2015,2015-04-06,"Fidino",96
"Eastern Wood-Pewee",2012,2012-05-08,"Fidino",129
"Eastern Wood-Pewee",2013,2013-05-10,"Fidino",130
"Eastern Wood-Pewee",2014,2014-05-14,"Fidino",134
"Eastern Wood-Pewee",2015,2015-05-07,"Fidino",127
"European Starling",2012,2012-03-01,"Fidino",61
"European Starling",2013,2013-03-02,"Fidino",61
"European Starling",2014,2014-03-07,"Fidino",66
"European Starling",2015,2015-03-02,"Fidino",61
"Field Sparrow",2012,2012-03-26,"Fidino",86
"Field Sparrow",2013,2013-04-05,"Fidino",95
"Field Sparrow",2014,2014-04-07,"Fidino",97
"Field Sparrow",2015,2015-04-10,"Fidino",100
"Fox Sparrow",2012,2012-05-12,"Fidino",133
"Fox Sparrow",2013,2013-03-13,"Fidino",72
"Fox Sparrow",2014,2014-03-20,"Fidino",79
"Fox Sparrow",2015,2015-03-16,"Fidino",75
"Gadwall",2012,2012-03-01,"Fidino",61
"Gadwall",2013,2013-03-04,"Fidino",63
"Gadwall",2014,2014-05-20,"Fidino",140
"Gadwall",2015,2015-03-24,"Fidino",83
"Golden-crowned Kinglet",2013,2013-04-05,"Fidino",95
"Golden-crowned Kinglet",2014,2014-04-01,"Fidino",91
"Golden-crowned Kinglet",2015,2015-04-01,"Fidino",91
"Golden-winged Warbler",2013,2013-05-14,"Fidino",134
"Golden-winged Warbler",2014,2014-05-19,"Fidino",139
"Gray Catbird",2012,2012-05-07,"Fidino",128
"Gray Catbird",2013,2013-05-01,"Fidino",121
"Gray Catbird",2014,2014-04-30,"Fidino",120
"Gray Catbird",2015,2015-05-04,"Fidino",124
"Gray-cheeked Thrush",2012,2012-05-20,"Fidino",141
"Gray-cheeked Thrush",2013,2013-05-11,"Fidino",131
"Gray-cheeked Thrush",2014,2014-05-11,"Fidino",131
"Gray-cheeked Thrush",2015,2015-05-06,"Fidino",126
"Great Blue Heron",2013,2013-05-13,"Fidino",133
"Great Blue Heron",2014,2014-04-10,"Fidino",100
"Great Blue Heron",2015,2015-04-30,"Fidino",120
"Great Crested Flycatcher",2012,2012-05-19,"Fidino",140
"Great Crested Flycatcher",2013,2013-05-14,"Fidino",134
"Great Crested Flycatcher",2014,2014-05-07,"Fidino",127
"Great Crested Flycatcher",2015,2015-05-04,"Fidino",124
"Great Horned Owl",2015,2015-04-03,"Fidino",93
"Green Heron",2012,2012-04-19,"Fidino",110
"Green Heron",2013,2013-04-30,"Fidino",120
"Green Heron",2014,2014-04-24,"Fidino",114
"Green Heron",2015,2015-04-27,"Fidino",117
"Hairy Woodpecker",2012,2012-05-14,"Fidino",135
"Hairy Woodpecker",2013,2013-03-07,"Fidino",66
"Hairy Woodpecker",2014,2014-03-17,"Fidino",76
"Hairy Woodpecker",2015,2015-03-04,"Fidino",63
"Henslow's Sparrow",2015,2015-04-24,"Fidino",114
"Hermit Thrush",2012,2012-05-08,"Fidino",129
"Hermit Thrush",2013,2013-04-05,"Fidino",95
"Hermit Thrush",2014,2014-04-04,"Fidino",94
"Hermit Thrush",2015,2015-04-10,"Fidino",100
"Herring Gull",2012,2012-03-20,"Fidino",80
"Herring Gull",2013,2013-03-13,"Fidino",72
"Herring Gull",2014,2014-03-03,"Fidino",62
"Hooded Merganser",2012,2012-03-09,"Fidino",69
"Hooded Merganser",2013,2013-03-01,"Fidino",60
"Hooded Merganser",2014,2014-03-03,"Fidino",62
"Hooded Merganser",2015,2015-03-26,"Fidino",85
"Hooded Warbler",2012,2012-05-16,"Fidino",137
"Hooded Warbler",2013,2013-04-16,"Fidino",106
"Hooded Warbler",2014,2014-05-22,"Fidino",142
"Hooded Warbler",2015,2015-05-06,"Fidino",126
"Horned Grebe",2013,2013-03-11,"Fidino",70
"House Finch",2012,2012-05-07,"Fidino",128
"House Finch",2013,2013-03-14,"Fidino",73
"House Finch",2014,2014-03-07,"Fidino",66
"House Finch",2015,2015-03-04,"Fidino",63
"House Sparrow",2012,2012-03-06,"Fidino",66
"House Sparrow",2013,2013-03-01,"Fidino",60
"House Sparrow",2014,2014-03-03,"Fidino",62
"House Sparrow",2015,2015-03-02,"Fidino",61
"House Wren",2013,2013-04-09,"Fidino",99
"House Wren",2014,2014-04-30,"Fidino",120
"House Wren",2015,2015-05-07,"Fidino",127
"Indigo Bunting",2012,2012-05-07,"Fidino",128
"Indigo Bunting",2013,2013-05-14,"Fidino",134
"Indigo Bunting",2014,2014-05-10,"Fidino",130
"Indigo Bunting",2015,2015-05-06,"Fidino",126
"Killdeer",2013,2013-03-20,"Fidino",79
"Least Flycatcher",2012,2012-05-18,"Fidino",139
"Least Flycatcher",2013,2013-05-10,"Fidino",130
"Least Flycatcher",2014,2014-05-10,"Fidino",130
"Least Flycatcher",2015,2015-05-04,"Fidino",124
"LeConte's Sparrow",2013,2013-05-15,"Fidino",135
"LeConte's Sparrow",2014,2014-05-07,"Fidino",127
"Lesser Scaup",2012,2012-03-20,"Fidino",80
"Lesser Scaup",2013,2013-03-01,"Fidino",60
"Lesser Scaup",2014,2014-03-07,"Fidino",66
"Lesser Scaup",2015,2015-03-03,"Fidino",62
"Lincoln's Sparrow",2013,2013-04-22,"Fidino",112
"Lincoln's Sparrow",2014,2014-05-01,"Fidino",121
"Lincoln's Sparrow",2015,2015-04-01,"Fidino",91
"Long-eared Owl",2015,2015-05-12,"Fidino",132
"Long-tailed Duck",2013,2013-04-24,"Fidino",114
"Louisiana Waterthrush",2013,2013-05-14,"Fidino",134
"Louisiana Waterthrush",2014,2014-05-10,"Fidino",130
"Magnolia Warbler",2012,2012-05-07,"Fidino",128
"Magnolia Warbler",2013,2013-05-08,"Fidino",128
"Magnolia Warbler",2014,2014-05-08,"Fidino",128
"Magnolia Warbler",2015,2015-05-08,"Fidino",128
"Mallard",2012,2012-03-01,"Fidino",61
"Mallard",2013,2013-03-01,"Fidino",60
"Mallard",2014,2014-03-03,"Fidino",62
"Mallard",2015,2015-03-02,"Fidino",61
"Marsh Wren",2012,2012-04-27,"Fidino",118
"Marsh Wren",2013,2013-05-16,"Fidino",136
"Marsh Wren",2014,2014-05-12,"Fidino",132
"Mourning Dove",2012,2012-03-21,"Fidino",81
"Mourning Dove",2013,2013-03-20,"Fidino",79
"Mourning Dove",2014,2014-03-24,"Fidino",83
"Mourning Dove",2015,2015-04-01,"Fidino",91
"Mourning Warbler",2013,2013-05-15,"Fidino",135
"Mourning Warbler",2014,2014-05-20,"Fidino",140
"Mourning Warbler",2015,2015-05-16,"Fidino",136
"Nashville Warbler",2012,2012-05-18,"Fidino",139
"Nashville Warbler",2013,2013-04-23,"Fidino",113
"Nashville Warbler",2014,2014-04-30,"Fidino",120
"Nashville Warbler",2015,2015-05-13,"Fidino",133
"Northern Cardinal",2012,2012-03-15,"Fidino",75
"Northern Cardinal",2013,2013-03-01,"Fidino",60
"Northern Cardinal",2014,2014-03-03,"Fidino",62
"Northern Cardinal",2015,2015-03-02,"Fidino",61
"Northern Flicker",2012,2012-03-16,"Fidino",76
"Northern Flicker",2013,2013-03-27,"Fidino",86
"Northern Flicker",2014,2014-03-28,"Fidino",87
"Northern Flicker",2015,2015-04-03,"Fidino",93
"Northern Mockingbird",2013,2013-05-12,"Fidino",132
"Northern Parula",2013,2013-05-17,"Fidino",137
"Northern Parula",2014,2014-04-21,"Fidino",111
"Northern Parula",2015,2015-05-07,"Fidino",127
"Northern Rough-winged Swallow",2012,2012-04-27,"Fidino",118
"Northern Rough-winged Swallow",2013,2013-04-15,"Fidino",105
"Northern Rough-winged Swallow",2014,2014-04-16,"Fidino",106
"Northern Rough-winged Swallow",2015,2015-04-08,"Fidino",98
"Northern Shoveler",2012,2012-03-29,"Fidino",89
"Northern Shoveler",2013,2013-03-18,"Fidino",77
"Northern Shoveler",2014,2014-04-01,"Fidino",91
"Northern Waterthrush",2012,2012-05-12,"Fidino",133
"Northern Waterthrush",2013,2013-04-23,"Fidino",113
"Northern Waterthrush",2014,2014-04-29,"Fidino",119
"Northern Waterthrush",2015,2015-05-04,"Fidino",124
"Olive-sided Flycatcher",2013,2013-05-20,"Fidino",140
"Olive-sided Flycatcher",2014,2014-05-20,"Fidino",140
"Olive-sided Flycatcher",2015,2015-05-27,"Fidino",147
"Orange-crowned Warbler",2012,2012-05-08,"Fidino",129
"Orange-crowned Warbler",2013,2013-05-02,"Fidino",122
"Orange-crowned Warbler",2014,2014-04-25,"Fidino",115
"Ovenbird",2012,2012-05-07,"Fidino",128
"Ovenbird",2013,2013-05-11,"Fidino",131
"Ovenbird",2014,2014-05-05,"Fidino",125
"Ovenbird",2015,2015-05-12,"Fidino",132
"Palm Warbler",2012,2012-04-23,"Fidino",114
"Palm Warbler",2013,2013-04-16,"Fidino",106
"Palm Warbler",2014,2014-04-22,"Fidino",112
"Palm Warbler",2015,2015-04-14,"Fidino",104
"Philadelphia Vireo",2012,2012-05-16,"Fidino",137
"Philadelphia Vireo",2013,2013-05-16,"Fidino",136
"Philadelphia Vireo",2014,2014-05-13,"Fidino",133
"Pied-billed Grebe",2012,2012-03-13,"Fidino",73
"Pied-billed Grebe",2013,2013-04-09,"Fidino",99
"Pied-billed Grebe",2014,2014-04-18,"Fidino",108
"Pied-billed Grebe",2015,2015-04-01,"Fidino",91
"Pine Siskin",2013,2013-05-21,"Fidino",141
"Pine Siskin",2015,2015-05-12,"Fidino",132
"Pine Warbler",2012,2012-05-04,"Fidino",125
"Pine Warbler",2013,2013-05-01,"Fidino",121
"Pine Warbler",2014,2014-04-29,"Fidino",119
"Prothonotary Warbler",2013,2013-05-13,"Fidino",133
"Prothonotary Warbler",2015,2015-05-14,"Fidino",134
"Red-bellied Woodpecker",2012,2012-03-20,"Fidino",80
"Red-bellied Woodpecker",2013,2013-03-11,"Fidino",70
"Red-bellied Woodpecker",2015,2015-03-13,"Fidino",72
"Red-breasted Merganser",2013,2013-03-29,"Fidino",88
"Red-breasted Merganser",2014,2014-03-03,"Fidino",62
"Red-breasted Merganser",2015,2015-03-09,"Fidino",68
"Red-breasted Nuthatch",2012,2012-03-21,"Fidino",81
"Red-breasted Nuthatch",2013,2013-03-02,"Fidino",61
"Red-breasted Nuthatch",2014,2014-03-13,"Fidino",72
"Red-eyed Vireo",2012,2012-05-20,"Fidino",141
"Red-eyed Vireo",2013,2013-05-15,"Fidino",135
"Red-eyed Vireo",2014,2014-05-11,"Fidino",131
"Red-eyed Vireo",2015,2015-05-06,"Fidino",126
"Red-headed Woodpecker",2013,2013-03-22,"Fidino",81
"Red-headed Woodpecker",2014,2014-05-08,"Fidino",128
"Red-tailed Hawk",2014,2014-03-13,"Fidino",72
"Red-winged Blackbird",2012,2012-03-06,"Fidino",66
"Red-winged Blackbird",2013,2013-03-04,"Fidino",63
"Red-winged Blackbird",2014,2014-03-01,"Fidino",60
"Red-winged Blackbird",2015,2015-03-10,"Fidino",69
"Redhead",2013,2013-03-08,"Fidino",67
"Redhead",2014,2014-03-10,"Fidino",69
"Redhead",2015,2015-03-03,"Fidino",62
"Ring-billed Gull",2012,2012-03-01,"Fidino",61
"Ring-billed Gull",2013,2013-03-01,"Fidino",60
"Ring-billed Gull",2014,2014-03-03,"Fidino",62
"Ring-billed Gull",2015,2015-03-02,"Fidino",61
"Ring-necked Duck",2014,2014-03-31,"Fidino",90
"Rock Pigeon",2012,2012-03-20,"Fidino",80
"Rock Pigeon",2013,2013-03-04,"Fidino",63
"Rock Pigeon",2014,2014-03-07,"Fidino",66
"Rock Pigeon",2015,2015-03-04,"Fidino",63
"Rose-breasted Grosbeak",2012,2012-05-12,"Fidino",133
"Rose-breasted Grosbeak",2013,2013-05-01,"Fidino",121
"Rose-breasted Grosbeak",2014,2014-05-08,"Fidino",128
"Rose-breasted Grosbeak",2015,2015-05-08,"Fidino",128
"Ruby-crowned Kinglet",2013,2013-04-01,"Fidino",91
"Ruby-crowned Kinglet",2014,2014-04-11,"Fidino",101
"Ruby-crowned Kinglet",2015,2015-03-31,"Fidino",90
"Ruby-throated Hummingbird",2012,2012-05-08,"Fidino",129
"Ruby-throated Hummingbird",2013,2013-05-16,"Fidino",136
"Ruby-throated Hummingbird",2014,2014-05-22,"Fidino",142
"Ruddy Duck",2015,2015-04-20,"Fidino",110
"Rusty Blackbird",2015,2015-03-16,"Fidino",75
"Savannah Sparrow",2012,2012-04-16,"Fidino",107
"Savannah Sparrow",2013,2013-04-15,"Fidino",105
"Savannah Sparrow",2014,2014-04-01,"Fidino",91
"Savannah Sparrow",2015,2015-04-10,"Fidino",100
"Scarlet Tanager",2012,2012-05-12,"Fidino",133
"Scarlet Tanager",2013,2013-05-09,"Fidino",129
"Scarlet Tanager",2014,2014-05-02,"Fidino",122
"Scarlet Tanager",2015,2015-05-09,"Fidino",129
"Song Sparrow",2012,2012-03-05,"Fidino",65
"Song Sparrow",2013,2013-03-06,"Fidino",65
"Song Sparrow",2014,2014-03-08,"Fidino",67
"Song Sparrow",2015,2015-03-02,"Fidino",61
"Sora",2012,2012-04-17,"Fidino",108
"Sora",2013,2013-04-30,"Fidino",120
"Spotted Sandpiper",2012,2012-05-12,"Fidino",133
"Spotted Sandpiper",2013,2013-04-23,"Fidino",113
"Spotted Sandpiper",2014,2014-05-06,"Fidino",126
"Spotted Sandpiper",2015,2015-05-08,"Fidino",128
"Summer Tanager",2015,2015-05-08,"Fidino",128
"Swainson's Thrush",2012,2012-05-19,"Fidino",140
"Swainson's Thrush",2013,2013-05-10,"Fidino",130
"Swainson's Thrush",2014,2014-04-22,"Fidino",112
"Swainson's Thrush",2015,2015-04-06,"Fidino",96
"Swamp Sparrow",2013,2013-03-26,"Fidino",85
"Swamp Sparrow",2014,2014-04-10,"Fidino",100
"Swamp Sparrow",2015,2015-04-06,"Fidino",96
"Tennessee Warbler",2013,2013-05-15,"Fidino",135
"Tree Swallow",2012,2012-05-16,"Fidino",137
"Tree Swallow",2013,2013-04-05,"Fidino",95
"Tree Swallow",2015,2015-04-24,"Fidino",114
"Veery",2013,2013-05-10,"Fidino",130
"Veery",2014,2014-05-13,"Fidino",133
"Veery",2015,2015-05-06,"Fidino",126
"Vesper Sparrow",2013,2013-04-15,"Fidino",105
"Vesper Sparrow",2015,2015-04-16,"Fidino",106
"Virginia Rail",2013,2013-04-15,"Fidino",105
"Warbling Vireo",2012,2012-05-08,"Fidino",129
"Warbling Vireo",2013,2013-05-08,"Fidino",128
"Warbling Vireo",2014,2014-05-07,"Fidino",127
"Warbling Vireo",2015,2015-05-07,"Fidino",127
"White-breasted Nuthatch",2013,2013-03-04,"Fidino",63
"White-breasted Nuthatch",2015,2015-03-04,"Fidino",63
"White-crowned Sparrow",2012,2012-04-30,"Fidino",121
"White-crowned Sparrow",2013,2013-03-02,"Fidino",61
"White-crowned Sparrow",2014,2014-04-29,"Fidino",119
"White-crowned Sparrow",2015,2015-04-10,"Fidino",100
"White-throated Sparrow",2012,2012-04-23,"Fidino",114
"White-throated Sparrow",2013,2013-04-15,"Fidino",105
"White-throated Sparrow",2014,2014-04-09,"Fidino",99
"White-throated Sparrow",2015,2015-03-19,"Fidino",78
"Willow Flycatcher",2012,2012-05-18,"Fidino",139
"Willow Flycatcher",2013,2013-05-15,"Fidino",135
"Willow Flycatcher",2014,2014-05-12,"Fidino",132
"Willow Flycatcher",2015,2015-05-08,"Fidino",128
"Wilson's Warbler",2012,2012-05-14,"Fidino",135
"Wilson's Warbler",2013,2013-05-08,"Fidino",128
"Wilson's Warbler",2014,2014-05-13,"Fidino",133
"Wilson's Warbler",2015,2015-05-06,"Fidino",126
"Winter Wren",2013,2013-04-19,"Fidino",109
"Winter Wren",2015,2015-03-31,"Fidino",90
"Wood Duck",2012,2012-03-16,"Fidino",76
"Wood Duck",2013,2013-03-04,"Fidino",63
"Wood Duck",2014,2014-03-13,"Fidino",72
"Wood Duck",2015,2015-03-09,"Fidino",68
"Wood Thrush",2013,2013-04-30,"Fidino",120
"Wood Thrush",2014,2014-05-02,"Fidino",122
"Wood Thrush",2015,2015-05-04,"Fidino",124
"Yellow-bellied Flycatcher",2012,2012-05-10,"Fidino",131
"Yellow-bellied Flycatcher",2013,2013-05-19,"Fidino",139
"Yellow-bellied Flycatcher",2014,2014-05-06,"Fidino",126
"Yellow-bellied Flycatcher",2015,2015-05-16,"Fidino",136
"Yellow-bellied Sapsucker",2013,2013-04-05,"Fidino",95
"Yellow-bellied Sapsucker",2014,2014-03-28,"Fidino",87
"Yellow-bellied Sapsucker",2015,2015-04-03,"Fidino",93
"Yellow-billed Cuckoo",2013,2013-05-15,"Fidino",135
"Yellow-breasted Chat",2013,2013-05-20,"Fidino",140
"Yellow-breasted Chat",2014,2014-05-13,"Fidino",133
"Yellow-rumped Warbler",2012,2012-04-20,"Fidino",111
"Yellow-rumped Warbler",2013,2013-04-08,"Fidino",98
"Yellow-rumped Warbler",2014,2014-04-15,"Fidino",105
"Yellow-rumped Warbler",2015,2015-04-10,"Fidino",100
"Yellow-throated Vireo",2012,2012-05-13,"Fidino",134
"Yellow-throated Vireo",2013,2013-05-10,"Fidino",130
"Yellow-throated Vireo",2015,2015-05-09,"Fidino",129
"Yellow-throated Warbler",2014,2014-04-30,"Fidino",120
"Yellow Warbler",2012,2012-05-10,"Fidino",131
"Yellow Warbler",2013,2013-04-30,"Fidino",120
"Yellow Warbler",2014,2014-04-29,"Fidino",119
"Yellow Warbler",2015,2015-05-01,"Fidino",121
"Mourning Dove",1903,1903-04-01,"Walter",91
"Northern Harrier",1899,1899-04-25,"Walter",115
"American Kestrel",1898,1898-05-18,"Walter",138
"Yellow-billed Cuckoo",1898,1898-05-19,"Walter",139
"Black-billed Cuckoo",1899,1899-05-27,"Walter",147
"Belted Kingfisher",1897,1897-03-28,"Walter",87
"Hairy Woodpecker",1898,1898-04-11,"Walter",101
"Downy Woodpecker",1897,1897-04-07,"Walter",97
"Yellow-bellied Sapsucker",1897,1897-04-25,"Walter",115
"Red-bellied Woodpecker",1898,1898-05-22,"Walter",142
"Red-headed Woodpecker",1897,1897-04-26,"Walter",116
"Northern Flicker",1897,1897-04-15,"Walter",105
"Eastern Whip-poor-will",1898,1898-05-21,"Walter",141
"Common Nighthawk",1899,1899-05-10,"Walter",130
"Chimney Swift",1897,1897-05-01,"Walter",121
"Ruby-throated Hummingbird",1898,1898-05-19,"Walter",139
"Eastern Kingbird",1897,1897-04-29,"Walter",119
"Great Crested Flycatcher",1898,1898-05-03,"Walter",123
"Eastern Phoebe",1897,1897-04-07,"Walter",97
"Eastern Wood-Pewee",1897,1897-04-27,"Walter",117
"Yellow-bellied Flycatcher",1900,1900-04-29,"Walter",119
"Least Flycatcher",1897,1897-05-12,"Walter",132
"American Crow",1898,1898-03-09,"Walter",68
"Bobolink",1898,1898-05-14,"Walter",134
"Brown-headed Cowbird",1897,1897-04-04,"Walter",94
"Yellow-headed Blackbird",1901,1901-05-17,"Walter",137
"Red-winged Blackbird",1898,1898-05-07,"Walter",127
"Eastern Meadowlark",1898,1898-03-14,"Walter",73
"Orchard Oriole",1898,1898-05-15,"Walter",135
"Baltimore Oriole",1898,1898-04-30,"Walter",120
"Rusty Blackbird",1900,1900-04-19,"Walter",109
"Common Grackle",1897,1897-03-29,"Walter",88
"Purple Finch",1898,1898-04-24,"Walter",114
"American Goldfinch",1897,1897-04-25,"Walter",115
"Vesper Sparrow",1900,1900-04-22,"Walter",112
"Savannah Sparrow",1903,1903-03-19,"Walter",78
"Henslow's Sparrow",1898,1898-04-29,"Walter",119
"White-crowned Sparrow",1897,1897-05-05,"Walter",125
"White-throated Sparrow",1897,1897-04-26,"Walter",116
"American Tree Sparrow",1900,1900-04-06,"Walter",96
"Chipping Sparrow",1897,1897-04-15,"Walter",105
"Field Sparrow",1899,1899-04-23,"Walter",113
"Dark-eyed Junco",1897,1897-03-28,"Walter",87
"Song Sparrow",1897,1897-04-08,"Walter",98
"Lincoln's Sparrow",1900,1900-05-10,"Walter",130
"Swamp Sparrow",1898,1898-05-07,"Walter",127
"Fox Sparrow",1897,1897-04-08,"Walter",98
"Eastern Towhee",1897,1897-04-07,"Walter",97
"Northern Cardinal",1897,1897-03-28,"Walter",87
"Rose-breasted Grosbeak",1899,1899-05-10,"Walter",130
"Indigo Bunting",1898,1898-05-14,"Walter",134
"Dickcissel",1901,1901-05-16,"Walter",136
"Scarlet Tanager",1898,1898-05-14,"Walter",134
"Summer Tanager",1899,1899-05-04,"Walter",124
"Purple Martin",1898,1898-05-25,"Walter",145
"Barn Swallow",1897,1897-04-18,"Walter",108
"Tree Swallow",1898,1898-05-11,"Walter",131
"Cedar Waxwing",1898,1898-04-11,"Walter",101
"Loggerhead Shrike",1898,1898-03-14,"Walter",73
"Red-eyed Vireo",1898,1898-05-10,"Walter",130
"Warbling Vireo",1897,1897-04-27,"Walter",117
"Yellow-throated Vireo",1898,1898-05-01,"Walter",121
"Blue-headed Vireo",1900,1900-05-17,"Walter",137
"Black-and-white Warbler",1897,1897-04-28,"Walter",118
"Prothonotary Warbler",1899,1899-05-16,"Walter",136
"Golden-winged Warbler",1898,1898-05-14,"Walter",134
"Nashville Warbler",1898,1898-05-10,"Walter",130
"Tennessee Warbler",1898,1898-05-11,"Walter",131
"Northern Parula",1898,1898-05-11,"Walter",131
"Cape May Warbler",1898,1898-05-13,"Walter",133
"Yellow Warbler",1897,1897-05-11,"Walter",131
"Black-throated Blue Warbler",1897,1897-05-11,"Walter",131
"Yellow-rumped Warbler",1897,1897-04-14,"Walter",104
"Magnolia Warbler",1897,1897-04-26,"Walter",116
"Cerulean Warbler",1900,1900-05-12,"Walter",132
"Chestnut-sided Warbler",1897,1897-05-21,"Walter",141
"Bay-breasted Warbler",1898,1898-05-20,"Walter",140
"Blackpoll Warbler",1898,1898-05-19,"Walter",139
"Blackburnian Warbler",1897,1897-05-12,"Walter",132
"Black-throated Green Warbler",1897,1897-04-18,"Walter",108
"Pine Warbler",1900,1900-04-26,"Walter",116
"Palm Warbler",1898,1898-04-29,"Walter",119
"Ovenbird",1897,1897-05-11,"Walter",131
"Northern Waterthrush",1898,1898-04-30,"Walter",120
"Louisiana Waterthrush",1902,1902-04-27,"Walter",117
"Connecticut Warbler",1903,1903-05-20,"Walter",140
"Mourning Warbler",1898,1898-05-20,"Walter",140
"Common Yellowthroat",1897,1897-04-26,"Walter",116
"Yellow-breasted Chat",1902,1902-05-02,"Walter",122
"Hooded Warbler",1903,1903-05-12,"Walter",132
"Wilson's Warbler",1897,1897-05-21,"Walter",141
"Canada Warbler",1898,1898-05-19,"Walter",139
"American Redstart",1897,1897-05-11,"Walter",131
"Northern Mockingbird",1901,1901-04-29,"Walter",119
"Gray Catbird",1897,1897-04-26,"Walter",116
"Brown Thrasher",1897,1897-04-26,"Walter",116
"House Wren",1897,1897-04-14,"Walter",104
"Winter Wren",1897,1897-04-08,"Walter",98
"Marsh Wren",1898,1898-04-14,"Walter",104
"Brown Creeper",1897,1897-04-07,"Walter",97
"White-breasted Nuthatch",1897,1897-04-07,"Walter",97
"Red-breasted Nuthatch",1900,1900-05-03,"Walter",123
"Black-capped Chickadee",1898,1898-04-01,"Walter",91
"Golden-crowned Kinglet",1897,1897-04-07,"Walter",97
"Ruby-crowned Kinglet",1897,1897-04-14,"Walter",104
"Blue-gray Gnatcatcher",1898,1898-04-25,"Walter",115
"Wood Thrush",1897,1897-04-18,"Walter",108
"Veery",1897,1897-05-11,"Walter",131
"Gray-cheeked Thrush",1902,1902-05-21,"Walter",141
"Swainson's Thrush",1898,1898-05-01,"Walter",121
"Hermit Thrush",1898,1898-03-31,"Walter",90
"American Robin",1897,1897-03-28,"Walter",87
"Eastern Bluebird",1897,1897-03-28,"Walter",87
"Mourning Dove",1898,1898-05-09,"Walter",129
"Mourning Dove",1899,1899-03-25,"Walter",84
"Mourning Dove",1900,1900-04-06,"Walter",96
"Mourning Dove",1901,1901-04-10,"Walter",100
"Mourning Dove",1902,1902-04-26,"Walter",116
"Yellow-throated Vireo",1900,1900-05-12,"Walter",132
"Yellow-throated Vireo",1901,1901-05-05,"Walter",125
"Yellow-throated Vireo",1902,1902-04-28,"Walter",118
"Yellow-throated Vireo",1903,1903-05-12,"Walter",132
"Yellow-breasted Chat",1903,1903-05-11,"Walter",131
"Yellow-billed Cuckoo",1899,1899-05-01,"Walter",121
"Yellow-billed Cuckoo",1900,1900-05-16,"Walter",136
"Yellow-billed Cuckoo",1901,1901-05-17,"Walter",137
"Yellow-billed Cuckoo",1902,1902-05-17,"Walter",137
"Yellow-billed Cuckoo",1903,1903-05-12,"Walter",132
"Yellow-bellied Sapsucker",1898,1898-03-30,"Walter",89
"Yellow-bellied Sapsucker",1899,1899-04-08,"Walter",98
"Yellow-bellied Sapsucker",1900,1900-04-06,"Walter",96
"Yellow-bellied Sapsucker",1901,1901-03-19,"Walter",78
"Yellow-bellied Sapsucker",1902,1902-03-27,"Walter",86
"Yellow-bellied Sapsucker",1903,1903-04-01,"Walter",91
"Yellow-bellied Flycatcher",1902,1902-05-01,"Walter",121
"Yellow-bellied Flycatcher",1903,1903-05-12,"Walter",132
"Yellow Warbler",1898,1898-04-30,"Walter",120
"Yellow Warbler",1899,1899-04-29,"Walter",119
"Yellow Warbler",1900,1900-04-30,"Walter",120
"Yellow Warbler",1901,1901-05-06,"Walter",126
"Yellow Warbler",1902,1902-05-02,"Walter",122
"Yellow Warbler",1903,1903-04-29,"Walter",119
"Wood Thrush",1898,1898-05-03,"Walter",123
"Wood Thrush",1899,1899-05-01,"Walter",121
"Wood Thrush",1901,1901-05-04,"Walter",124
"Wood Thrush",1902,1902-04-29,"Walter",119
"Wood Thrush",1903,1903-05-12,"Walter",132
"Eastern Wood-Pewee",1898,1898-05-19,"Walter",139
"Eastern Wood-Pewee",1899,1899-05-10,"Walter",130
"Eastern Wood-Pewee",1900,1900-05-11,"Walter",131
"Eastern Wood-Pewee",1901,1901-05-16,"Walter",136
"Eastern Wood-Pewee",1902,1902-04-28,"Walter",118
"Eastern Wood-Pewee",1903,1903-05-12,"Walter",132
"Winter Wren",1898,1898-04-25,"Walter",115
"Winter Wren",1899,1899-04-30,"Walter",120
"Winter Wren",1901,1901-03-22,"Walter",81
"Winter Wren",1902,1902-04-19,"Walter",109
"Winter Wren",1903,1903-04-08,"Walter",98
"Veery",1898,1898-04-10,"Walter",100
"Veery",1899,1899-04-12,"Walter",102
"Veery",1900,1900-04-07,"Walter",97
"Veery",1901,1901-04-11,"Walter",101
"Veery",1902,1902-04-26,"Walter",116
"Veery",1903,1903-04-08,"Walter",98
"Wilson's Warbler",1898,1898-05-06,"Walter",126
"Wilson's Warbler",1899,1899-05-22,"Walter",142
"Wilson's Warbler",1900,1900-05-10,"Walter",130
"Wilson's Warbler",1901,1901-05-16,"Walter",136
"Wilson's Warbler",1902,1902-05-03,"Walter",123
"Wilson's Warbler",1903,1903-05-17,"Walter",137
"White-throated Sparrow",1898,1898-04-13,"Walter",103
"White-throated Sparrow",1899,1899-04-19,"Walter",109
"White-throated Sparrow",1900,1900-04-21,"Walter",111
"White-throated Sparrow",1901,1901-04-17,"Walter",107
"White-throated Sparrow",1902,1902-03-24,"Walter",83
"White-throated Sparrow",1903,1903-03-21,"Walter",80
"White-crowned Sparrow",1898,1898-05-09,"Walter",129
"White-crowned Sparrow",1899,1899-04-29,"Walter",119
"White-crowned Sparrow",1900,1900-05-02,"Walter",122
"White-crowned Sparrow",1901,1901-04-20,"Walter",110
"White-crowned Sparrow",1902,1902-03-11,"Walter",70
"White-crowned Sparrow",1903,1903-04-29,"Walter",119
"White-breasted Nuthatch",1898,1898-03-29,"Walter",88
"White-breasted Nuthatch",1899,1899-04-11,"Walter",101
"White-breasted Nuthatch",1900,1900-04-02,"Walter",92
"White-breasted Nuthatch",1901,1901-03-18,"Walter",77
"White-breasted Nuthatch",1902,1902-03-31,"Walter",90
"White-breasted Nuthatch",1903,1903-04-02,"Walter",92
"Eastern Whip-poor-will",1899,1899-04-30,"Walter",120
"Eastern Whip-poor-will",1901,1901-05-09,"Walter",129
"Eastern Whip-poor-will",1903,1903-05-17,"Walter",137
"Common Yellowthroat",1898,1898-05-01,"Walter",121
"Common Yellowthroat",1899,1899-04-28,"Walter",118
"Common Yellowthroat",1900,1900-05-05,"Walter",125
"Common Yellowthroat",1901,1901-05-05,"Walter",125
"Common Yellowthroat",1902,1902-05-02,"Walter",122
"Common Yellowthroat",1903,1903-05-01,"Walter",121
"Warbling Vireo",1898,1898-05-15,"Walter",135
"Warbling Vireo",1899,1899-05-12,"Walter",132
"Warbling Vireo",1900,1900-05-06,"Walter",126
"Warbling Vireo",1901,1901-05-11,"Walter",131
"Warbling Vireo",1902,1902-05-07,"Walter",127
"Warbling Vireo",1903,1903-05-05,"Walter",125
"Vesper Sparrow",1902,1902-04-18,"Walter",108
"Vesper Sparrow",1903,1903-04-01,"Walter",91
"Tree Swallow",1899,1899-04-12,"Walter",102
"Tree Swallow",1900,1900-04-18,"Walter",108
"Tree Swallow",1901,1901-04-12,"Walter",102
"Tree Swallow",1902,1902-03-11,"Walter",70
"Tree Swallow",1903,1903-04-01,"Walter",91
"American Tree Sparrow",1901,1901-04-05,"Walter",95
"American Tree Sparrow",1902,1902-03-07,"Walter",66
"American Tree Sparrow",1903,1903-03-13,"Walter",72
"Eastern Towhee",1898,1898-03-17,"Walter",76
"Eastern Towhee",1899,1899-04-11,"Walter",101
"Eastern Towhee",1900,1900-04-07,"Walter",97
"Eastern Towhee",1901,1901-03-25,"Walter",84
"Eastern Towhee",1902,1902-03-10,"Walter",69
"Eastern Towhee",1903,1903-03-18,"Walter",77
"Swamp Sparrow",1899,1899-04-20,"Walter",110
"Swamp Sparrow",1899,1899-04-20,"Walter",110
"Swamp Sparrow",1900,1900-04-21,"Walter",111
"Swamp Sparrow",1902,1902-03-11,"Walter",70
"Swamp Sparrow",1903,1903-04-12,"Walter",102
"American Kestrel",1903,1903-04-30,"Walter",120
"American Kestrel",1902,1902-03-21,"Walter",80
"American Kestrel",1901,1901-03-24,"Walter",83
"American Kestrel",1900,1900-04-18,"Walter",108
"American Kestrel",1899,1899-04-25,"Walter",115
"Song Sparrow",1898,1898-03-15,"Walter",74
"Song Sparrow",1899,1899-03-19,"Walter",78
"Song Sparrow",1900,1900-03-27,"Walter",86
"Song Sparrow",1901,1901-03-18,"Walter",77
"Song Sparrow",1902,1902-03-08,"Walter",67
"Song Sparrow",1903,1903-03-12,"Walter",71
"Scarlet Tanager",1899,1899-05-04,"Walter",124
"Scarlet Tanager",1900,1900-05-02,"Walter",122
"Scarlet Tanager",1901,1901-05-05,"Walter",125
"Scarlet Tanager",1902,1902-05-03,"Walter",123
"Scarlet Tanager",1903,1903-05-05,"Walter",125
"Rusty Blackbird",1901,1901-04-05,"Walter",95
"Rusty Blackbird",1903,1903-03-17,"Walter",76
"Ruby-throated Hummingbird",1899,1899-05-09,"Walter",129
"Ruby-throated Hummingbird",1900,1900-05-13,"Walter",133
"Ruby-throated Hummingbird",1901,1901-05-16,"Walter",136
"Ruby-throated Hummingbird",1902,1902-05-17,"Walter",137
"Ruby-throated Hummingbird",1903,1903-05-13,"Walter",133
"Ruby-crowned Kinglet",1898,1898-04-01,"Walter",91
"Ruby-crowned Kinglet",1899,1899-04-13,"Walter",103
"Ruby-crowned Kinglet",1900,1900-04-07,"Walter",97
"Ruby-crowned Kinglet",1902,1902-04-17,"Walter",107
"Ruby-crowned Kinglet",1902,1902-04-13,"Walter",103
"Ruby-crowned Kinglet",1903,1903-03-19,"Walter",78
"Rose-breasted Grosbeak",1900,1900-05-11,"Walter",131
"Rose-breasted Grosbeak",1901,1901-05-04,"Walter",124
"Rose-breasted Grosbeak",1902,1902-04-28,"Walter",118
"Rose-breasted Grosbeak",1903,1903-05-09,"Walter",129
"American Robin",1898,1898-03-09,"Walter",68
"American Robin",1899,1899-03-04,"Walter",63
"American Robin",1900,1900-03-24,"Walter",83
"American Robin",1901,1901-03-14,"Walter",73
"American Robin",1902,1902-03-10,"Walter",69
"American Robin",1903,1903-03-07,"Walter",66
"Red-winged Blackbird",1900,1900-04-18,"Walter",108
"Red-winged Blackbird",1901,1901-03-22,"Walter",81
"Red-winged Blackbird",1902,1902-03-26,"Walter",85
"Red-winged Blackbird",1903,1903-03-17,"Walter",76
"Red-headed Woodpecker",1898,1898-04-29,"Walter",119
"Red-headed Woodpecker",1899,1899-04-28,"Walter",118
"Red-headed Woodpecker",1900,1900-05-06,"Walter",126
"Red-headed Woodpecker",1901,1901-04-27,"Walter",117
"Red-headed Woodpecker",1902,1902-04-27,"Walter",117
"Red-headed Woodpecker",1903,1903-04-28,"Walter",118
"Red-eyed Vireo",1899,1899-04-29,"Walter",119
"Red-eyed Vireo",1900,1900-05-12,"Walter",132
"Red-eyed Vireo",1901,1901-05-04,"Walter",124
"Red-eyed Vireo",1902,1902-05-02,"Walter",122
"Red-eyed Vireo",1903,1903-05-04,"Walter",124
"Red-breasted Nuthatch",1902,1902-04-22,"Walter",112
"Red-breasted Nuthatch",1903,1903-04-28,"Walter",118
"Purple Martin",1899,1899-05-30,"Walter",150
"Purple Martin",1901,1901-04-27,"Walter",117
"Purple Martin",1902,1902-04-23,"Walter",113
"Purple Martin",1903,1903-04-17,"Walter",107
"Purple Finch",1900,1900-04-15,"Walter",105
"Purple Finch",1902,1902-04-11,"Walter",101
"Purple Finch",1903,1903-04-15,"Walter",105
"Prothonotary Warbler",1902,1902-04-27,"Walter",117
"Prothonotary Warbler",1903,1903-05-19,"Walter",139
"Pine Warbler",1901,1901-04-30,"Walter",120
"Pine Warbler",1902,1902-04-21,"Walter",111
"Pine Warbler",1903,1903-04-22,"Walter",112
"Eastern Phoebe",1898,1898-03-20,"Walter",79
"Eastern Phoebe",1899,1899-04-17,"Walter",107
"Eastern Phoebe",1900,1900-04-01,"Walter",91
"Eastern Phoebe",1901,1901-03-18,"Walter",77
"Eastern Phoebe",1902,1902-03-15,"Walter",74
"Eastern Phoebe",1903,1903-03-17,"Walter",76
"Northern Parula",1901,1901-05-12,"Walter",132
"Northern Parula",1902,1902-05-03,"Walter",123
"Northern Parula",1903,1903-05-09,"Walter",129
"Palm Warbler",1899,1899-04-20,"Walter",110
"Palm Warbler",1900,1900-04-27,"Walter",117
"Palm Warbler",1901,1901-04-26,"Walter",116
"Palm Warbler",1902,1902-04-21,"Walter",111
"Palm Warbler",1903,1903-04-22,"Walter",112
"Ovenbird",1898,1898-05-01,"Walter",121
"Ovenbird",1899,1899-05-03,"Walter",123
"Ovenbird",1900,1900-05-05,"Walter",125
"Ovenbird",1901,1901-05-05,"Walter",125
"Ovenbird",1902,1902-05-01,"Walter",121
"Ovenbird",1903,1903-05-06,"Walter",126
"Orchard Oriole",1899,1899-05-06,"Walter",126
"Orchard Oriole",1900,1900-05-11,"Walter",131
"Orchard Oriole",1901,1901-05-10,"Walter",130
"Orchard Oriole",1902,1902-05-02,"Walter",122
"Orchard Oriole",1903,1903-05-05,"Walter",125
"Swainson's Thrush",1899,1899-05-04,"Walter",124
"Swainson's Thrush",1900,1900-05-08,"Walter",128
"Swainson's Thrush",1901,1901-04-30,"Walter",120
"Swainson's Thrush",1902,1902-04-22,"Walter",112
"Swainson's Thrush",1903,1903-04-29,"Walter",119
"Common Nighthawk",1900,1900-05-13,"Walter",133
"Common Nighthawk",1901,1901-05-18,"Walter",138
"Common Nighthawk",1902,1902-05-18,"Walter",138
"Common Nighthawk",1903,1903-05-18,"Walter",138
"Nashville Warbler",1899,1899-05-04,"Walter",124
"Nashville Warbler",1900,1900-05-09,"Walter",129
"Nashville Warbler",1901,1901-05-19,"Walter",139
"Nashville Warbler",1902,1902-05-02,"Walter",122
"Nashville Warbler",1903,1903-05-01,"Walter",121
"Yellow-rumped Warbler",1898,1898-04-16,"Walter",106
"Yellow-rumped Warbler",1899,1899-04-14,"Walter",104
"Yellow-rumped Warbler",1900,1900-04-19,"Walter",109
"Yellow-rumped Warbler",1901,1901-04-14,"Walter",104
"Yellow-rumped Warbler",1902,1902-04-17,"Walter",107
"Yellow-rumped Warbler",1903,1903-04-08,"Walter",98
"Mourning Warbler",1899,1899-05-13,"Walter",133
"Mourning Warbler",1900,1900-05-06,"Walter",126
"Mourning Warbler",1901,1901-05-16,"Walter",136
"Mourning Warbler",1902,1902-05-02,"Walter",122
"Mourning Warbler",1903,1903-05-11,"Walter",131
"Eastern Meadowlark",1900,1900-03-27,"Walter",86
"Eastern Meadowlark",1901,1901-03-19,"Walter",78
"Eastern Meadowlark",1902,1902-03-10,"Walter",69
"Eastern Meadowlark",1903,1903-03-13,"Walter",72
"Northern Harrier",1900,1900-04-19,"Walter",109
"Northern Harrier",1901,1901-03-25,"Walter",84
"Northern Harrier",1902,1902-04-21,"Walter",111
"Northern Harrier",1903,1903-04-01,"Walter",91
"Magnolia Warbler",1898,1898-05-11,"Walter",131
"Magnolia Warbler",1899,1899-04-27,"Walter",117
"Magnolia Warbler",1900,1900-05-08,"Walter",128
"Magnolia Warbler",1901,1901-05-06,"Walter",126
"Magnolia Warbler",1902,1902-04-21,"Walter",111
"Magnolia Warbler",1903,1903-05-05,"Walter",125
"Louisiana Waterthrush",1903,1903-05-05,"Walter",125
"Marsh Wren",1900,1900-04-12,"Walter",102
"Marsh Wren",1903,1903-03-29,"Walter",88
"Loggerhead Shrike",1899,1899-04-11,"Walter",101
"Loggerhead Shrike",1900,1900-03-09,"Walter",68
"Loggerhead Shrike",1901,1901-03-03,"Walter",62
"Loggerhead Shrike",1902,1902-03-09,"Walter",68
"Loggerhead Shrike",1903,1903-03-01,"Walter",60
"Lincoln's Sparrow",1901,1901-05-23,"Walter",143
"Lincoln's Sparrow",1902,1902-05-12,"Walter",132
"Lincoln's Sparrow",1903,1903-05-10,"Walter",130
"Least Flycatcher",1898,1898-04-30,"Walter",120
"Least Flycatcher",1899,1899-04-20,"Walter",110
"Least Flycatcher",1900,1900-04-30,"Walter",120
"Least Flycatcher",1901,1901-05-06,"Walter",126
"Least Flycatcher",1902,1902-04-21,"Walter",111
"Least Flycatcher",1903,1903-05-09,"Walter",129
"Eastern Kingbird",1898,1898-04-30,"Walter",120
"Eastern Kingbird",1899,1899-05-10,"Walter",130
"Eastern Kingbird",1900,1900-05-06,"Walter",126
"Eastern Kingbird",1901,1901-05-10,"Walter",130
"Eastern Kingbird",1902,1902-04-21,"Walter",111
"Eastern Kingbird",1903,1903-05-05,"Walter",125
"Dark-eyed Junco",1898,1898-03-09,"Walter",68
"Dark-eyed Junco",1899,1899-03-14,"Walter",73
"Dark-eyed Junco",1900,1900-03-23,"Walter",82
"Dark-eyed Junco",1901,1901-03-18,"Walter",77
"Dark-eyed Junco",1902,1902-03-08,"Walter",67
"Dark-eyed Junco",1903,1903-03-13,"Walter",72
"Indigo Bunting",1899,1899-05-10,"Walter",130
"Indigo Bunting",1900,1900-05-21,"Walter",141
"Indigo Bunting",1901,1901-05-10,"Walter",130
"Indigo Bunting",1902,1902-05-02,"Walter",122
"Indigo Bunting",1903,1903-05-06,"Walter",126
"House Wren",1898,1898-05-04,"Walter",124
"House Wren",1899,1899-04-30,"Walter",120
"House Wren",1901,1901-04-21,"Walter",111
"House Wren",1902,1902-04-23,"Walter",113
"House Wren",1903,1903-04-12,"Walter",102
"Hermit Thrush",1899,1899-04-11,"Walter",101
"Hermit Thrush",1900,1900-04-07,"Walter",97
"Hermit Thrush",1901,1901-04-05,"Walter",95
"Hermit Thrush",1902,1902-04-13,"Walter",103
"Hermit Thrush",1903,1903-03-19,"Walter",78
"Henslow's Sparrow",1899,1899-04-26,"Walter",116
"Henslow's Sparrow",1900,1900-04-21,"Walter",111
"Henslow's Sparrow",1901,1901-04-30,"Walter",120
"Henslow's Sparrow",1902,1902-04-24,"Walter",114
"Henslow's Sparrow",1903,1903-04-15,"Walter",105
"Hairy Woodpecker",1899,1899-05-24,"Walter",144
"Hairy Woodpecker",1900,1900-04-19,"Walter",109
"Hairy Woodpecker",1902,1902-03-25,"Walter",84
"Hairy Woodpecker",1903,1903-03-06,"Walter",65
"Northern Waterthrush",1899,1899-04-28,"Walter",118
"Northern Waterthrush",1900,1900-04-23,"Walter",113
"Northern Waterthrush",1901,1901-04-17,"Walter",107
"Northern Waterthrush",1902,1902-04-21,"Walter",111
"Northern Waterthrush",1903,1903-04-29,"Walter",119
"Great Crested Flycatcher",1899,1899-04-30,"Walter",120
"Great Crested Flycatcher",1901,1901-05-11,"Walter",131
"Great Crested Flycatcher",1902,1902-04-21,"Walter",111
"Great Crested Flycatcher",1903,1903-04-29,"Walter",119
"Gray-cheeked Thrush",1903,1903-05-11,"Walter",131
"Golden-crowned Kinglet",1898,1898-03-14,"Walter",73
"Golden-crowned Kinglet",1899,1899-04-11,"Walter",101
"Golden-crowned Kinglet",1900,1900-04-06,"Walter",96
"Golden-crowned Kinglet",1901,1901-04-05,"Walter",95
"Golden-crowned Kinglet",1902,1902-03-28,"Walter",87
"Golden-crowned Kinglet",1903,1903-03-19,"Walter",78
"Fox Sparrow",1898,1898-03-30,"Walter",89
"Fox Sparrow",1899,1899-03-14,"Walter",73
"Fox Sparrow",1900,1900-04-05,"Walter",95
"Fox Sparrow",1901,1901-03-18,"Walter",77
"Fox Sparrow",1902,1902-03-10,"Walter",69
"Fox Sparrow",1903,1903-03-17,"Walter",76
"Northern Flicker",1898,1898-03-25,"Walter",84
"Northern Flicker",1899,1899-04-11,"Walter",101
"Northern Flicker",1900,1900-04-07,"Walter",97
"Northern Flicker",1901,1901-03-23,"Walter",82
"Northern Flicker",1902,1902-03-24,"Walter",83
"Northern Flicker",1903,1903-03-18,"Walter",77
"Field Sparrow",1900,1900-04-17,"Walter",107
"Field Sparrow",1901,1901-04-05,"Walter",95
"Field Sparrow",1902,1902-03-11,"Walter",70
"Field Sparrow",1903,1903-03-19,"Walter",78
"Downy Woodpecker",1898,1898-04-08,"Walter",98
"Downy Woodpecker",1899,1899-03-27,"Walter",86
"Downy Woodpecker",1900,1900-04-25,"Walter",115
"Downy Woodpecker",1901,1901-04-05,"Walter",95
"Downy Woodpecker",1902,1902-03-10,"Walter",69
"Downy Woodpecker",1903,1903-03-06,"Walter",65
"Dickcissel",1902,1902-05-18,"Walter",138
"American Crow",1899,1899-03-26,"Walter",85
"American Crow",1900,1900-03-12,"Walter",71
"American Crow",1901,1901-03-03,"Walter",62
"American Crow",1902,1902-03-06,"Walter",65
"American Crow",1903,1903-03-08,"Walter",67
"Brown-headed Cowbird",1898,1898-03-16,"Walter",75
"Brown-headed Cowbird",1899,1899-04-10,"Walter",100
"Brown-headed Cowbird",1900,1900-04-01,"Walter",91
"Brown-headed Cowbird",1901,1901-03-19,"Walter",78
"Brown-headed Cowbird",1902,1902-03-01,"Walter",60
"Brown-headed Cowbird",1903,1903-03-14,"Walter",73
"Chipping Sparrow",1898,1898-04-13,"Walter",103
"Chipping Sparrow",1899,1899-04-18,"Walter",108
"Chipping Sparrow",1900,1900-04-08,"Walter",98
"Chipping Sparrow",1901,1901-04-08,"Walter",98
"Chipping Sparrow",1902,1902-04-13,"Walter",103
"Chipping Sparrow",1903,1903-04-12,"Walter",102
"Chimney Swift",1898,1898-04-30,"Walter",120
"Chimney Swift",1899,1899-05-11,"Walter",131
"Chimney Swift",1900,1900-04-30,"Walter",120
"Chimney Swift",1901,1901-04-17,"Walter",107
"Chimney Swift",1902,1902-04-22,"Walter",112
"Chimney Swift",1903,1903-05-05,"Walter",125
"Black-capped Chickadee",1900,1900-03-19,"Walter",78
"Black-capped Chickadee",1901,1901-04-13,"Walter",103
"Chestnut-sided Warbler",1898,1898-05-10,"Walter",130
"Chestnut-sided Warbler",1899,1899-05-30,"Walter",150
"Chestnut-sided Warbler",1900,1900-05-03,"Walter",123
"Chestnut-sided Warbler",1901,1901-05-07,"Walter",127
"Chestnut-sided Warbler",1902,1902-05-02,"Walter",122
"Chestnut-sided Warbler",1903,1903-05-09,"Walter",129
"Cedar Waxwing",1899,1899-03-27,"Walter",86
"Cedar Waxwing",1901,1901-05-16,"Walter",136
"Cedar Waxwing",1902,1902-04-24,"Walter",114
"Cedar Waxwing",1903,1903-04-05,"Walter",95
"Gray Catbird",1898,1898-05-01,"Walter",121
"Gray Catbird",1899,1899-04-28,"Walter",118
"Gray Catbird",1900,1900-04-30,"Walter",120
"Gray Catbird",1901,1901-04-28,"Walter",118
"Gray Catbird",1902,1902-03-26,"Walter",85
"Gray Catbird",1903,1903-05-05,"Walter",125
"Northern Cardinal",1900,1900-04-25,"Walter",115
"Cape May Warbler",1899,1899-05-01,"Walter",121
"Cape May Warbler",1900,1900-05-02,"Walter",122
"Cape May Warbler",1901,1901-05-05,"Walter",125
"Cape May Warbler",1902,1902-05-02,"Walter",122
"Cape May Warbler",1903,1903-05-09,"Walter",129
"Canada Warbler",1899,1899-05-16,"Walter",136
"Canada Warbler",1900,1900-05-12,"Walter",132
"Canada Warbler",1901,1901-05-16,"Walter",136
"Canada Warbler",1902,1902-05-06,"Walter",126
"Canada Warbler",1903,1903-05-12,"Walter",132
"Brown Thrasher",1898,1898-04-24,"Walter",114
"Brown Thrasher",1899,1899-04-27,"Walter",117
"Brown Thrasher",1900,1900-04-16,"Walter",106
"Brown Thrasher",1901,1901-04-24,"Walter",114
"Brown Thrasher",1902,1902-04-22,"Walter",112
"Brown Thrasher",1903,1903-04-12,"Walter",102
"Brown Creeper",1898,1898-04-07,"Walter",97
"Brown Creeper",1899,1899-04-06,"Walter",96
"Brown Creeper",1900,1900-04-02,"Walter",92
"Brown Creeper",1901,1901-04-04,"Walter",94
"Brown Creeper",1902,1902-03-21,"Walter",80
"Brown Creeper",1903,1903-03-18,"Walter",77
"Common Grackle",1898,1898-03-14,"Walter",73
"Common Grackle",1899,1899-03-20,"Walter",79
"Common Grackle",1900,1900-03-24,"Walter",83
"Common Grackle",1901,1901-03-23,"Walter",82
"Common Grackle",1902,1902-03-10,"Walter",69
"Common Grackle",1903,1903-03-14,"Walter",73
"Bobolink",1900,1900-05-08,"Walter",128
"Bobolink",1901,1901-05-04,"Walter",124
"Bobolink",1902,1902-05-12,"Walter",132
"Bobolink",1903,1903-05-08,"Walter",128
"Blue-headed Vireo",1901,1901-05-05,"Walter",125
"Blue-headed Vireo",1902,1902-05-02,"Walter",122
"Blue-headed Vireo",1903,1903-05-08,"Walter",128
"Blue-gray Gnatcatcher",1899,1899-04-22,"Walter",112
"Blue-gray Gnatcatcher",1900,1900-04-18,"Walter",108
"Blue-gray Gnatcatcher",1901,1901-04-28,"Walter",118
"Blue-gray Gnatcatcher",1902,1902-04-22,"Walter",112
"Blue-gray Gnatcatcher",1903,1903-04-25,"Walter",115
"Eastern Bluebird",1898,1898-03-08,"Walter",67
"Eastern Bluebird",1899,1899-04-04,"Walter",94
"Eastern Bluebird",1900,1900-03-31,"Walter",90
"Eastern Bluebird",1901,1901-03-17,"Walter",76
"Eastern Bluebird",1902,1902-03-07,"Walter",66
"Eastern Bluebird",1903,1903-03-07,"Walter",66
"Golden-winged Warbler",1902,1902-05-02,"Walter",122
"Golden-winged Warbler",1900,1900-05-12,"Walter",132
"Golden-winged Warbler",1901,1901-05-12,"Walter",132
"Black-throated Green Warbler",1898,1898-05-17,"Walter",137
"Black-throated Green Warbler",1899,1899-04-23,"Walter",113
"Black-throated Green Warbler",1900,1900-04-27,"Walter",117
"Black-throated Green Warbler",1901,1901-04-26,"Walter",116
"Black-throated Green Warbler",1902,1902-04-28,"Walter",118
"Black-throated Green Warbler",1903,1903-05-02,"Walter",122
"Black-throated Blue Warbler",1898,1898-05-11,"Walter",131
"Black-throated Blue Warbler",1899,1899-05-04,"Walter",124
"Black-throated Blue Warbler",1900,1900-05-08,"Walter",128
"Black-throated Blue Warbler",1901,1901-05-05,"Walter",125
"Black-throated Blue Warbler",1902,1902-05-02,"Walter",122
"Black-throated Blue Warbler",1903,1903-05-05,"Walter",125
"Blackpoll Warbler",1899,1899-05-10,"Walter",130
"Blackpoll Warbler",1900,1900-05-13,"Walter",133
"Blackpoll Warbler",1901,1901-05-16,"Walter",136
"Blackpoll Warbler",1902,1902-05-12,"Walter",132
"Blackpoll Warbler",1903,1903-05-06,"Walter",126
"Blackburnian Warbler",1898,1898-05-10,"Walter",130
"Blackburnian Warbler",1899,1899-05-03,"Walter",123
"Blackburnian Warbler",1900,1900-04-28,"Walter",118
"Blackburnian Warbler",1901,1901-05-10,"Walter",130
"Blackburnian Warbler",1902,1902-04-28,"Walter",118
"Blackburnian Warbler",1903,1903-04-30,"Walter",120
"Black-billed Cuckoo",1900,1900-05-12,"Walter",132
"Black-billed Cuckoo",1901,1901-05-15,"Walter",135
"Black-billed Cuckoo",1902,1902-05-16,"Walter",136
"Black-billed Cuckoo",1903,1903-05-12,"Walter",132
"Black-and-white Warbler",1898,1898-04-30,"Walter",120
"Black-and-white Warbler",1899,1899-04-21,"Walter",111
"Black-and-white Warbler",1900,1900-04-26,"Walter",116
"Black-and-white Warbler",1901,1901-05-04,"Walter",124
"Black-and-white Warbler",1902,1902-04-28,"Walter",118
"Black-and-white Warbler",1903,1903-04-27,"Walter",117
"Belted Kingfisher",1898,1898-03-25,"Walter",84
"Belted Kingfisher",1899,1899-03-22,"Walter",81
"Belted Kingfisher",1900,1900-04-10,"Walter",100
"Belted Kingfisher",1901,1901-03-26,"Walter",85
"Belted Kingfisher",1902,1902-04-11,"Walter",101
"Belted Kingfisher",1903,1903-04-10,"Walter",100
"Bay-breasted Warbler",1899,1899-05-04,"Walter",124
"Bay-breasted Warbler",1900,1900-05-11,"Walter",131
"Bay-breasted Warbler",1901,1901-05-15,"Walter",135
"Bay-breasted Warbler",1902,1902-04-22,"Walter",112
"Bay-breasted Warbler",1903,1903-05-09,"Walter",129
"Barn Swallow",1898,1898-05-01,"Walter",121
"Barn Swallow",1899,1899-04-23,"Walter",113
"Barn Swallow",1900,1900-04-26,"Walter",116
"Barn Swallow",1901,1901-04-10,"Walter",100
"Barn Swallow",1902,1902-04-18,"Walter",108
"Barn Swallow",1903,1903-04-24,"Walter",114
"Baltimore Oriole",1899,1899-05-02,"Walter",122
"Baltimore Oriole",1900,1900-05-06,"Walter",126
"Baltimore Oriole",1901,1901-05-04,"Walter",124
"Baltimore Oriole",1902,1902-05-02,"Walter",122
"Baltimore Oriole",1903,1903-05-05,"Walter",125
"American Redstart",1898,1898-05-01,"Walter",121
"American Redstart",1899,1899-04-28,"Walter",118
"American Redstart",1900,1900-05-11,"Walter",131
"American Redstart",1901,1901-05-06,"Walter",126
"American Redstart",1902,1902-05-02,"Walter",122
"American Redstart",1903,1903-05-05,"Walter",125
"American Goldfinch",1898,1898-05-06,"Walter",126
"American Goldfinch",1899,1899-04-28,"Walter",118
"American Goldfinch",1900,1900-05-07,"Walter",127
"American Goldfinch",1901,1901-04-30,"Walter",120
"American Goldfinch",1902,1902-05-02,"Walter",122
"American Goldfinch",1903,1903-05-07,"Walter",127
"American Bittern",1928,1928-05-18,"Dreuth",139
"American Bittern",1930,1930-04-12,"Dreuth",102
"American Bittern",1931,1931-05-02,"Dreuth",122
"American Bittern",1932,1932-05-03,"Dreuth",124
"American Coot",1928,1928-04-01,"Dreuth",92
"American Coot",1929,1929-03-12,"Dreuth",71
"American Coot",1930,1930-04-11,"Dreuth",101
"American Coot",1931,1931-04-20,"Dreuth",110
"American Coot",1932,1932-04-07,"Dreuth",98
"American Crow",1927,1927-03-13,"Dreuth",72
"American Crow",1928,1928-03-11,"Dreuth",71
"American Crow",1930,1930-03-10,"Dreuth",69
"American Crow",1931,1931-03-22,"Dreuth",81
"American Crow",1932,1932-03-18,"Dreuth",78
"American Goldfinch",1927,1927-05-15,"Dreuth",135
"American Goldfinch",1928,1928-05-12,"Dreuth",133
"American Goldfinch",1929,1929-04-29,"Dreuth",119
"American Goldfinch",1930,1930-04-30,"Dreuth",120
"American Goldfinch",1931,1931-05-13,"Dreuth",133
"American Goldfinch",1932,1932-05-06,"Dreuth",127
"American Kestrel",1932,1932-03-31,"Dreuth",91
"American Redstart",1927,1927-05-21,"Dreuth",141
"American Redstart",1928,1928-05-01,"Dreuth",122
"American Redstart",1929,1929-05-10,"Dreuth",130
"American Redstart",1930,1930-05-02,"Dreuth",122
"American Redstart",1931,1931-05-10,"Dreuth",130
"American Redstart",1932,1932-05-04,"Dreuth",125
"American Robin",1927,1927-03-13,"Dreuth",72
"American Robin",1928,1928-03-21,"Dreuth",81
"American Robin",1929,1929-03-02,"Dreuth",61
"American Robin",1930,1930-03-01,"Dreuth",60
"American Robin",1931,1931-03-03,"Dreuth",62
"American Robin",1932,1932-03-11,"Dreuth",71
"American Tree Sparrow",1927,1927-03-13,"Dreuth",72
"American Tree Sparrow",1928,1928-03-25,"Dreuth",85
"American Tree Sparrow",1929,1929-03-06,"Dreuth",65
"American Tree Sparrow",1930,1930-03-16,"Dreuth",75
"American Tree Sparrow",1931,1931-03-21,"Dreuth",80
"American Tree Sparrow",1932,1932-03-30,"Dreuth",90
"American Wigeon",1931,1931-03-23,"Dreuth",82
"American Wigeon",1932,1932-03-29,"Dreuth",89
"American Woodcock",1932,1932-03-30,"Dreuth",90
"Bachman's Sparrow",1932,1932-04-07,"Dreuth",98
"Baltimore Oriole",1928,1928-05-03,"Dreuth",124
"Baltimore Oriole",1929,1929-04-25,"Dreuth",115
"Baltimore Oriole",1930,1930-05-02,"Dreuth",122
"Baltimore Oriole",1931,1931-05-10,"Dreuth",130
"Baltimore Oriole",1932,1932-05-03,"Dreuth",124
"Bank Swallow",1931,1931-05-07,"Dreuth",127
"Bank Swallow",1932,1932-05-06,"Dreuth",127
"Barn Swallow",1927,1927-05-15,"Dreuth",135
"Barn Swallow",1928,1928-04-29,"Dreuth",120
"Barn Swallow",1929,1929-04-24,"Dreuth",114
"Barn Swallow",1931,1931-05-07,"Dreuth",127
"Barn Swallow",1932,1932-04-28,"Dreuth",119
"Bay-breasted Warbler",1927,1927-05-22,"Dreuth",142
"Bay-breasted Warbler",1928,1928-05-16,"Dreuth",137
"Bay-breasted Warbler",1929,1929-05-15,"Dreuth",135
"Bay-breasted Warbler",1930,1930-05-07,"Dreuth",127
"Bay-breasted Warbler",1932,1932-05-14,"Dreuth",135
"Belted Kingfisher",1928,1928-04-01,"Dreuth",92
"Belted Kingfisher",1929,1929-03-26,"Dreuth",85
"Belted Kingfisher",1930,1930-04-06,"Dreuth",96
"Belted Kingfisher",1931,1931-04-05,"Dreuth",95
"Belted Kingfisher",1932,1932-04-02,"Dreuth",93
"Bewick's Wren",1929,1929-04-05,"Dreuth",95
"Bewick's Wren",1932,1932-04-13,"Dreuth",104
"Black-and-white Warbler",1927,1927-05-07,"Dreuth",127
"Black-and-white Warbler",1928,1928-05-03,"Dreuth",124
"Black-and-white Warbler",1929,1929-04-24,"Dreuth",114
"Black-and-white Warbler",1930,1930-05-01,"Dreuth",121
"Black-and-white Warbler",1931,1931-05-04,"Dreuth",124
"Black-and-white Warbler",1932,1932-04-29,"Dreuth",120
"Black-billed Cuckoo",1928,1928-05-15,"Dreuth",136
"Black-billed Cuckoo",1929,1929-05-31,"Dreuth",151
"Black-billed Cuckoo",1931,1931-05-18,"Dreuth",138
"Black-billed Cuckoo",1932,1932-05-06,"Dreuth",127
"Black-capped Chickadee",1929,1929-03-14,"Dreuth",73
"Black-capped Chickadee",1930,1930-05-02,"Dreuth",122
"Blackpoll Warbler",1927,1927-05-15,"Dreuth",135
"Blackpoll Warbler",1928,1928-05-15,"Dreuth",136
"Blackpoll Warbler",1929,1929-05-15,"Dreuth",135
"Blackpoll Warbler",1930,1930-05-03,"Dreuth",123
"Blackpoll Warbler",1932,1932-05-14,"Dreuth",135
"Black Scoter",1931,1931-05-13,"Dreuth",133
"Black Tern",1930,1930-05-11,"Dreuth",131
"Black Tern",1932,1932-05-10,"Dreuth",131
"Black-throated Blue Warbler",1927,1927-05-15,"Dreuth",135
"Black-throated Blue Warbler",1928,1928-05-15,"Dreuth",136
"Black-throated Blue Warbler",1929,1929-05-10,"Dreuth",130
"Black-throated Blue Warbler",1930,1930-05-08,"Dreuth",128
"Black-throated Blue Warbler",1931,1931-05-14,"Dreuth",134
"Black-throated Blue Warbler",1932,1932-05-07,"Dreuth",128
"Black-throated Green Warbler",1927,1927-05-07,"Dreuth",127
"Black-throated Green Warbler",1928,1928-05-10,"Dreuth",131
"Black-throated Green Warbler",1929,1929-05-06,"Dreuth",126
"Black-throated Green Warbler",1930,1930-05-01,"Dreuth",121
"Black-throated Green Warbler",1931,1931-05-10,"Dreuth",130
"Black-throated Green Warbler",1932,1932-05-05,"Dreuth",126
"Blackburnian Warbler",1927,1927-05-15,"Dreuth",135
"Blackburnian Warbler",1928,1928-05-10,"Dreuth",131
"Blackburnian Warbler",1929,1929-05-11,"Dreuth",131
"Blackburnian Warbler",1930,1930-05-09,"Dreuth",129
"Blackburnian Warbler",1931,1931-05-10,"Dreuth",130
"Blackburnian Warbler",1932,1932-05-08,"Dreuth",129
"Blue-gray Gnatcatcher",1928,1928-04-29,"Dreuth",120
"Blue-gray Gnatcatcher",1929,1929-04-25,"Dreuth",115
"Blue-gray Gnatcatcher",1930,1930-05-02,"Dreuth",122
"Blue-gray Gnatcatcher",1931,1931-05-07,"Dreuth",127
"Blue-gray Gnatcatcher",1932,1932-05-06,"Dreuth",127
"Blue-headed Vireo",1927,1927-05-15,"Dreuth",135
"Blue-headed Vireo",1928,1928-05-14,"Dreuth",135
"Blue-headed Vireo",1929,1929-05-08,"Dreuth",128
"Blue-headed Vireo",1930,1930-04-29,"Dreuth",119
"Blue-headed Vireo",1931,1931-05-07,"Dreuth",127
"Blue-headed Vireo",1932,1932-04-29,"Dreuth",120
"Blue Jay",1927,1927-05-01,"Dreuth",121
"Blue Jay",1928,1928-05-04,"Dreuth",125
"Blue Jay",1929,1929-04-25,"Dreuth",115
"Blue Jay",1930,1930-04-23,"Dreuth",113
"Blue Jay",1931,1931-04-17,"Dreuth",107
"Blue Jay",1932,1932-04-26,"Dreuth",117
"Blue-winged Teal",1930,1930-04-29,"Dreuth",119
"Blue-winged Teal",1931,1931-04-17,"Dreuth",107
"Blue-winged Teal",1932,1932-04-03,"Dreuth",94
"Bobolink",1927,1927-05-08,"Dreuth",128
"Bobolink",1928,1928-04-29,"Dreuth",120
"Bobolink",1929,1929-05-06,"Dreuth",126
"Bobolink",1930,1930-05-05,"Dreuth",125
"Bobolink",1931,1931-05-15,"Dreuth",135
"Bobolink",1932,1932-05-07,"Dreuth",128
"Bonaparte's Gull",1927,1927-03-20,"Dreuth",79
"Bonaparte's Gull",1928,1928-04-08,"Dreuth",99
"Bonaparte's Gull",1929,1929-03-29,"Dreuth",88
"Bonaparte's Gull",1930,1930-04-03,"Dreuth",93
"Bonaparte's Gull",1931,1931-04-04,"Dreuth",94
"Bonaparte's Gull",1932,1932-04-03,"Dreuth",94
"Brown Creeper",1927,1927-03-20,"Dreuth",79
"Brown Creeper",1928,1928-03-25,"Dreuth",85
"Brown Creeper",1929,1929-03-25,"Dreuth",84
"Brown Creeper",1930,1930-04-02,"Dreuth",92
"Brown Creeper",1931,1931-04-01,"Dreuth",91
"Brown Creeper",1932,1932-04-03,"Dreuth",94
"Brown-headed Cowbird",1927,1927-04-10,"Dreuth",100
"Brown-headed Cowbird",1928,1928-03-25,"Dreuth",85
"Brown-headed Cowbird",1929,1929-03-30,"Dreuth",89
"Brown-headed Cowbird",1930,1930-04-01,"Dreuth",91
"Brown-headed Cowbird",1931,1931-03-23,"Dreuth",82
"Brown-headed Cowbird",1932,1932-03-28,"Dreuth",88
"Brown Thrasher",1927,1927-04-17,"Dreuth",107
"Brown Thrasher",1928,1928-05-02,"Dreuth",123
"Brown Thrasher",1929,1929-04-06,"Dreuth",96
"Brown Thrasher",1930,1930-04-17,"Dreuth",107
"Brown Thrasher",1931,1931-04-13,"Dreuth",103
"Brown Thrasher",1932,1932-04-07,"Dreuth",98
"Bufflehead",1929,1929-04-16,"Dreuth",106
"Bufflehead",1930,1930-04-11,"Dreuth",101
"Canada Goose",1931,1931-05-20,"Dreuth",140
"Canada Warbler",1927,1927-05-22,"Dreuth",142
"Canada Warbler",1928,1928-05-18,"Dreuth",139
"Canada Warbler",1929,1929-05-18,"Dreuth",138
"Canada Warbler",1930,1930-05-09,"Dreuth",129
"Canada Warbler",1931,1931-05-16,"Dreuth",136
"Canada Warbler",1932,1932-05-14,"Dreuth",135
"Canvasback",1928,1928-04-08,"Dreuth",99
"Canvasback",1932,1932-04-02,"Dreuth",93
"Cape May Warbler",1927,1927-05-15,"Dreuth",135
"Cape May Warbler",1928,1928-05-12,"Dreuth",133
"Cape May Warbler",1929,1929-05-11,"Dreuth",131
"Cape May Warbler",1930,1930-05-09,"Dreuth",129
"Cape May Warbler",1931,1931-05-16,"Dreuth",136
"Cape May Warbler",1932,1932-05-10,"Dreuth",131
"Cedar Waxwing",1929,1929-05-27,"Dreuth",147
"Cedar Waxwing",1931,1931-03-21,"Dreuth",80
"Cedar Waxwing",1932,1932-03-11,"Dreuth",71
"Chestnut-sided Warbler",1927,1927-05-15,"Dreuth",135
"Chestnut-sided Warbler",1928,1928-05-10,"Dreuth",131
"Chestnut-sided Warbler",1929,1929-05-11,"Dreuth",131
"Chestnut-sided Warbler",1930,1930-05-02,"Dreuth",122
"Chestnut-sided Warbler",1931,1931-05-15,"Dreuth",135
"Chestnut-sided Warbler",1932,1932-05-08,"Dreuth",129
"Chimney Swift",1928,1928-05-14,"Dreuth",135
"Chimney Swift",1929,1929-05-01,"Dreuth",121
"Chimney Swift",1930,1930-05-03,"Dreuth",123
"Chimney Swift",1931,1931-05-19,"Dreuth",139
"Chimney Swift",1932,1932-05-03,"Dreuth",124
"Chipping Sparrow",1927,1927-05-08,"Dreuth",128
"Chipping Sparrow",1928,1928-04-29,"Dreuth",120
"Chipping Sparrow",1929,1929-04-23,"Dreuth",113
"Chipping Sparrow",1930,1930-04-11,"Dreuth",101
"Chipping Sparrow",1931,1931-05-01,"Dreuth",121
"Chipping Sparrow",1932,1932-04-20,"Dreuth",111
"Clay-colored Sparrow",1928,1928-05-10,"Dreuth",131
"Clay-colored Sparrow",1929,1929-05-07,"Dreuth",127
"Clay-colored Sparrow",1930,1930-05-02,"Dreuth",122
"Clay-colored Sparrow",1931,1931-05-05,"Dreuth",125
"Cliff Swallow",1931,1931-05-21,"Dreuth",141
"Common Goldeneye",1927,1927-03-06,"Dreuth",65
"Common Goldeneye",1928,1928-03-04,"Dreuth",64
"Common Goldeneye",1929,1929-03-01,"Dreuth",60
"Common Goldeneye",1930,1930-03-01,"Dreuth",60
"Common Goldeneye",1931,1931-03-02,"Dreuth",61
"Common Goldeneye",1932,1932-03-11,"Dreuth",71
"Common Grackle",1927,1927-03-13,"Dreuth",72
"Common Grackle",1928,1928-04-01,"Dreuth",92
"Common Grackle",1929,1929-03-12,"Dreuth",71
"Common Grackle",1930,1930-03-01,"Dreuth",60
"Common Grackle",1931,1931-03-19,"Dreuth",78
"Common Grackle",1932,1932-03-11,"Dreuth",71
"Common Loon",1927,1927-04-17,"Dreuth",107
"Common Loon",1929,1929-04-23,"Dreuth",113
"Common Loon",1931,1931-04-23,"Dreuth",113
"Common Loon",1932,1932-04-28,"Dreuth",119
"Common Merganser",1927,1927-03-06,"Dreuth",65
"Common Merganser",1928,1928-03-04,"Dreuth",64
"Common Merganser",1929,1929-03-17,"Dreuth",76
"Common Merganser",1930,1930-03-24,"Dreuth",83
"Common Merganser",1932,1932-03-11,"Dreuth",71
"Common Nighthawk",1928,1928-05-21,"Dreuth",142
"Common Nighthawk",1929,1929-05-26,"Dreuth",146
"Common Nighthawk",1931,1931-05-29,"Dreuth",149
"Common Nighthawk",1932,1932-05-20,"Dreuth",141
"Common Tern",1927,1927-04-24,"Dreuth",114
"Common Tern",1928,1928-04-29,"Dreuth",120
"Common Tern",1929,1929-04-14,"Dreuth",104
"Common Tern",1930,1930-04-25,"Dreuth",115
"Common Tern",1931,1931-05-05,"Dreuth",125
"Common Tern",1932,1932-05-08,"Dreuth",129
"Common Yellowthroat",1927,1927-05-15,"Dreuth",135
"Common Yellowthroat",1928,1928-05-04,"Dreuth",125
"Common Yellowthroat",1929,1929-05-06,"Dreuth",126
"Common Yellowthroat",1930,1930-05-02,"Dreuth",122
"Common Yellowthroat",1931,1931-05-05,"Dreuth",125
"Common Yellowthroat",1932,1932-04-28,"Dreuth",119
"Connecticut Warbler",1928,1928-05-30,"Dreuth",151
"Connecticut Warbler",1929,1929-05-23,"Dreuth",143
"Connecticut Warbler",1930,1930-05-22,"Dreuth",142
"Connecticut Warbler",1931,1931-05-18,"Dreuth",138
"Connecticut Warbler",1932,1932-05-31,"Dreuth",152
"Dark-eyed Junco",1927,1927-03-13,"Dreuth",72
"Dark-eyed Junco",1928,1928-03-25,"Dreuth",85
"Dark-eyed Junco",1929,1929-03-11,"Dreuth",70
"Dark-eyed Junco",1930,1930-03-06,"Dreuth",65
"Dark-eyed Junco",1931,1931-03-20,"Dreuth",79
"Dark-eyed Junco",1932,1932-03-16,"Dreuth",76
"Dickcissel",1929,1929-05-11,"Dreuth",131
"Dickcissel",1930,1930-05-22,"Dreuth",142
"Downy Woodpecker",1928,1928-04-01,"Dreuth",92
"Downy Woodpecker",1929,1929-03-08,"Dreuth",67
"Downy Woodpecker",1930,1930-03-05,"Dreuth",64
"Downy Woodpecker",1931,1931-03-21,"Dreuth",80
"Downy Woodpecker",1932,1932-04-02,"Dreuth",93
"Eastern Bluebird",1927,1927-03-13,"Dreuth",72
"Eastern Bluebird",1928,1928-04-08,"Dreuth",99
"Eastern Bluebird",1929,1929-03-12,"Dreuth",71
"Eastern Bluebird",1930,1930-03-10,"Dreuth",69
"Eastern Bluebird",1931,1931-04-05,"Dreuth",95
"Eastern Bluebird",1932,1932-03-29,"Dreuth",89
"Eastern Kingbird",1928,1928-04-29,"Dreuth",120
"Eastern Kingbird",1929,1929-05-10,"Dreuth",130
"Eastern Kingbird",1930,1930-05-06,"Dreuth",126
"Eastern Kingbird",1931,1931-05-15,"Dreuth",135
"Eastern Kingbird",1932,1932-05-06,"Dreuth",127
"Eastern Meadowlark",1927,1927-03-13,"Dreuth",72
"Eastern Meadowlark",1928,1928-04-01,"Dreuth",92
"Eastern Meadowlark",1929,1929-03-11,"Dreuth",70
"Eastern Meadowlark",1930,1930-03-16,"Dreuth",75
"Eastern Meadowlark",1931,1931-03-21,"Dreuth",80
"Eastern Meadowlark",1932,1932-03-28,"Dreuth",88
"Eastern Phoebe",1928,1928-04-08,"Dreuth",99
"Eastern Phoebe",1929,1929-03-23,"Dreuth",82
"Eastern Phoebe",1930,1930-04-01,"Dreuth",91
"Eastern Phoebe",1931,1931-03-24,"Dreuth",83
"Eastern Phoebe",1932,1932-03-30,"Dreuth",90
"Eastern Screech-Owl",1928,1928-05-31,"Dreuth",152
"Eastern Screech-Owl",1931,1931-05-10,"Dreuth",130
"Eastern Towhee",1927,1927-04-10,"Dreuth",100
"Eastern Towhee",1928,1928-05-02,"Dreuth",123
"Eastern Towhee",1929,1929-03-12,"Dreuth",71
"Eastern Towhee",1930,1930-04-03,"Dreuth",93
"Eastern Towhee",1931,1931-04-08,"Dreuth",98
"Eastern Towhee",1932,1932-03-31,"Dreuth",91
"Eastern Whip-poor-will",1931,1931-05-15,"Dreuth",135
"Eastern Whip-poor-will",1932,1932-04-28,"Dreuth",119
"Eastern Wood-Pewee",1927,1927-05-22,"Dreuth",142
"Eastern Wood-Pewee",1928,1928-05-16,"Dreuth",137
"Eastern Wood-Pewee",1929,1929-05-18,"Dreuth",138
"Eastern Wood-Pewee",1930,1930-05-12,"Dreuth",132
"Eastern Wood-Pewee",1931,1931-05-18,"Dreuth",138
"Eastern Wood-Pewee",1932,1932-05-14,"Dreuth",135
"European Starling",1930,1930-04-27,"Dreuth",117
"European Starling",1931,1931-03-11,"Dreuth",70
"European Starling",1932,1932-03-18,"Dreuth",78
"Field Sparrow",1927,1927-03-27,"Dreuth",86
"Field Sparrow",1928,1928-04-29,"Dreuth",120
"Field Sparrow",1929,1929-03-25,"Dreuth",84
"Field Sparrow",1930,1930-03-16,"Dreuth",75
"Field Sparrow",1931,1931-04-08,"Dreuth",98
"Field Sparrow",1932,1932-03-28,"Dreuth",88
"Fox Sparrow",1927,1927-03-13,"Dreuth",72
"Fox Sparrow",1928,1928-03-25,"Dreuth",85
"Fox Sparrow",1929,1929-03-12,"Dreuth",71
"Fox Sparrow",1930,1930-03-17,"Dreuth",76
"Fox Sparrow",1931,1931-04-08,"Dreuth",98
"Fox Sparrow",1932,1932-03-30,"Dreuth",90
"Glaucous Gull",1928,1928-04-22,"Dreuth",113
"Golden-crowned Kinglet",1927,1927-04-10,"Dreuth",100
"Golden-crowned Kinglet",1928,1928-03-25,"Dreuth",85
"Golden-crowned Kinglet",1929,1929-04-02,"Dreuth",92
"Golden-crowned Kinglet",1930,1930-04-01,"Dreuth",91
"Golden-crowned Kinglet",1931,1931-04-02,"Dreuth",92
"Golden-crowned Kinglet",1932,1932-03-29,"Dreuth",89
"Golden-winged Warbler",1930,1930-05-05,"Dreuth",125
"Golden-winged Warbler",1931,1931-05-15,"Dreuth",135
"Grasshopper Sparrow",1927,1927-04-17,"Dreuth",107
"Grasshopper Sparrow",1929,1929-04-24,"Dreuth",114
"Grasshopper Sparrow",1930,1930-04-17,"Dreuth",107
"Grasshopper Sparrow",1931,1931-04-09,"Dreuth",99
"Grasshopper Sparrow",1932,1932-03-30,"Dreuth",90
"Gray Catbird",1927,1927-05-15,"Dreuth",135
"Gray Catbird",1928,1928-05-04,"Dreuth",125
"Gray Catbird",1929,1929-05-03,"Dreuth",123
"Gray Catbird",1930,1930-05-01,"Dreuth",121
"Gray Catbird",1931,1931-05-07,"Dreuth",127
"Gray Catbird",1932,1932-05-05,"Dreuth",126
"Gray-cheeked Thrush",1927,1927-05-15,"Dreuth",135
"Gray-cheeked Thrush",1928,1928-05-03,"Dreuth",124
"Gray-cheeked Thrush",1929,1929-04-25,"Dreuth",115
"Gray-cheeked Thrush",1930,1930-05-02,"Dreuth",122
"Gray-cheeked Thrush",1931,1931-05-16,"Dreuth",136
"Gray-cheeked Thrush",1932,1932-05-06,"Dreuth",127
"Great Crested Flycatcher",1928,1928-05-03,"Dreuth",124
"Great Crested Flycatcher",1929,1929-05-11,"Dreuth",131
"Great Crested Flycatcher",1930,1930-05-02,"Dreuth",122
"Great Crested Flycatcher",1931,1931-05-10,"Dreuth",130
"Great Crested Flycatcher",1932,1932-05-06,"Dreuth",127
"Greater Scaup",1932,1932-04-11,"Dreuth",102
"Green Heron",1927,1927-05-08,"Dreuth",128
"Green Heron",1928,1928-05-04,"Dreuth",125
"Green Heron",1929,1929-04-25,"Dreuth",115
"Green Heron",1930,1930-04-29,"Dreuth",119
"Green Heron",1931,1931-05-10,"Dreuth",130
"Green Heron",1932,1932-05-06,"Dreuth",127
"Harris's Sparrow",1930,1930-05-14,"Dreuth",134
"Harris's Sparrow",1931,1931-05-15,"Dreuth",135
"Henslow's Sparrow",1928,1928-05-02,"Dreuth",123
"Henslow's Sparrow",1929,1929-04-05,"Dreuth",95
"Henslow's Sparrow",1930,1930-04-17,"Dreuth",107
"Henslow's Sparrow",1932,1932-04-22,"Dreuth",113
"Hermit Thrush",1928,1928-04-08,"Dreuth",99
"Hermit Thrush",1929,1929-03-23,"Dreuth",82
"Hermit Thrush",1930,1930-04-01,"Dreuth",91
"Hermit Thrush",1931,1931-04-01,"Dreuth",91
"Hermit Thrush",1932,1932-03-30,"Dreuth",90
"Herring Gull",1927,1927-03-06,"Dreuth",65
"Herring Gull",1928,1928-03-04,"Dreuth",64
"Herring Gull",1929,1929-03-01,"Dreuth",60
"Herring Gull",1930,1930-03-01,"Dreuth",60
"Herring Gull",1931,1931-03-02,"Dreuth",61
"Herring Gull",1932,1932-03-11,"Dreuth",71
"Hooded Merganser",1931,1931-04-06,"Dreuth",96
"Hooded Warbler",1931,1931-05-27,"Dreuth",147
"Horned Grebe",1928,1928-04-15,"Dreuth",106
"Horned Grebe",1929,1929-04-16,"Dreuth",106
"Horned Grebe",1930,1930-04-29,"Dreuth",119
"Horned Lark",1930,1930-03-06,"Dreuth",65
"Horned Lark",1931,1931-03-30,"Dreuth",89
"House Wren",1927,1927-04-24,"Dreuth",114
"House Wren",1928,1928-05-03,"Dreuth",124
"House Wren",1929,1929-04-24,"Dreuth",114
"House Wren",1930,1930-04-30,"Dreuth",120
"House Wren",1931,1931-05-05,"Dreuth",125
"House Wren",1932,1932-04-29,"Dreuth",120
"Indigo Bunting",1927,1927-05-15,"Dreuth",135
"Indigo Bunting",1928,1928-05-03,"Dreuth",124
"Indigo Bunting",1929,1929-05-11,"Dreuth",131
"Indigo Bunting",1930,1930-05-05,"Dreuth",125
"Indigo Bunting",1931,1931-05-18,"Dreuth",138
"Indigo Bunting",1932,1932-05-13,"Dreuth",134
"Killdeer",1928,1928-04-01,"Dreuth",92
"Killdeer",1929,1929-03-12,"Dreuth",71
"Killdeer",1930,1930-03-10,"Dreuth",69
"Killdeer",1931,1931-03-21,"Dreuth",80
"Killdeer",1932,1932-03-28,"Dreuth",88
"King Rail",1929,1929-05-06,"Dreuth",126
"King Rail",1931,1931-05-25,"Dreuth",145
"King Rail",1932,1932-04-29,"Dreuth",120
"Lapland Longspur",1930,1930-04-11,"Dreuth",101
"Least Flycatcher",1927,1927-05-08,"Dreuth",128
"Least Flycatcher",1928,1928-05-03,"Dreuth",124
"Least Flycatcher",1929,1929-04-27,"Dreuth",117
"Least Flycatcher",1930,1930-04-29,"Dreuth",119
"Least Flycatcher",1931,1931-05-07,"Dreuth",127
"Least Flycatcher",1932,1932-04-04,"Dreuth",95
"LeConte's Sparrow",1932,1932-03-30,"Dreuth",90
"Lesser Scaup",1927,1927-03-06,"Dreuth",65
"Lesser Scaup",1928,1928-03-11,"Dreuth",71
"Lesser Scaup",1929,1929-03-21,"Dreuth",80
"Lesser Scaup",1930,1930-04-02,"Dreuth",92
"Lesser Scaup",1931,1931-04-11,"Dreuth",101
"Lesser Scaup",1932,1932-04-13,"Dreuth",104
"Lincoln's Sparrow",1927,1927-05-01,"Dreuth",121
"Lincoln's Sparrow",1928,1928-05-01,"Dreuth",122
"Lincoln's Sparrow",1929,1929-04-30,"Dreuth",120
"Lincoln's Sparrow",1930,1930-05-01,"Dreuth",121
"Lincoln's Sparrow",1931,1931-05-05,"Dreuth",125
"Lincoln's Sparrow",1932,1932-05-03,"Dreuth",124
"Long-tailed Duck",1927,1927-03-06,"Dreuth",65
"Long-tailed Duck",1928,1928-03-04,"Dreuth",64
"Long-tailed Duck",1929,1929-03-01,"Dreuth",60
"Long-tailed Duck",1930,1930-03-01,"Dreuth",60
"Long-tailed Duck",1931,1931-03-02,"Dreuth",61
"Long-tailed Duck",1932,1932-03-29,"Dreuth",89
"Magnolia Warbler",1927,1927-05-15,"Dreuth",135
"Magnolia Warbler",1928,1928-05-03,"Dreuth",124
"Magnolia Warbler",1929,1929-05-11,"Dreuth",131
"Magnolia Warbler",1930,1930-05-02,"Dreuth",122
"Magnolia Warbler",1931,1931-05-15,"Dreuth",135
"Magnolia Warbler",1932,1932-05-05,"Dreuth",126
"Marsh Wren",1928,1928-05-02,"Dreuth",123
"Marsh Wren",1929,1929-04-22,"Dreuth",112
"Marsh Wren",1930,1930-05-13,"Dreuth",133
"Marsh Wren",1931,1931-05-27,"Dreuth",147
"Marsh Wren",1932,1932-05-03,"Dreuth",124
"Mourning Dove",1928,1928-05-08,"Dreuth",129
"Mourning Dove",1929,1929-03-27,"Dreuth",86
"Mourning Dove",1930,1930-04-09,"Dreuth",99
"Mourning Dove",1931,1931-04-16,"Dreuth",106
"Mourning Dove",1932,1932-04-02,"Dreuth",93
"Mourning Warbler",1927,1927-05-22,"Dreuth",142
"Mourning Warbler",1928,1928-05-18,"Dreuth",139
"Mourning Warbler",1929,1929-05-16,"Dreuth",136
"Mourning Warbler",1930,1930-05-08,"Dreuth",128
"Mourning Warbler",1931,1931-05-18,"Dreuth",138
"Mourning Warbler",1932,1932-05-14,"Dreuth",135
"Nashville Warbler",1927,1927-05-15,"Dreuth",135
"Nashville Warbler",1928,1928-05-06,"Dreuth",127
"Nashville Warbler",1929,1929-05-07,"Dreuth",127
"Nashville Warbler",1930,1930-05-07,"Dreuth",127
"Nashville Warbler",1931,1931-05-10,"Dreuth",130
"Nashville Warbler",1932,1932-05-03,"Dreuth",124
"Northern Cardinal",1927,1927-05-07,"Dreuth",127
"Northern Cardinal",1928,1928-03-25,"Dreuth",85
"Northern Cardinal",1929,1929-04-18,"Dreuth",108
"Northern Cardinal",1930,1930-04-03,"Dreuth",93
"Northern Cardinal",1932,1932-05-21,"Dreuth",142
"Northern Flicker",1928,1928-04-01,"Dreuth",92
"Northern Flicker",1929,1929-03-21,"Dreuth",80
"Northern Flicker",1930,1930-03-16,"Dreuth",75
"Northern Flicker",1931,1931-04-08,"Dreuth",98
"Northern Flicker",1932,1932-03-30,"Dreuth",90
"Northern Mockingbird",1929,1929-05-15,"Dreuth",135
"Northern Parula",1928,1928-05-18,"Dreuth",139
"Northern Parula",1929,1929-05-16,"Dreuth",136
"Northern Parula",1930,1930-05-07,"Dreuth",127
"Northern Parula",1931,1931-04-12,"Dreuth",102
"Northern Parula",1932,1932-04-23,"Dreuth",114
"Northern Rough-winged Swallow",1929,1929-05-19,"Dreuth",139
"Northern Rough-winged Swallow",1931,1931-04-30,"Dreuth",120
"Northern Rough-winged Swallow",1932,1932-05-05,"Dreuth",126
"Northern Shoveler",1931,1931-04-05,"Dreuth",95
"Northern Shoveler",1932,1932-03-29,"Dreuth",89
"Northern Waterthrush",1927,1927-05-15,"Dreuth",135
"Northern Waterthrush",1928,1928-05-03,"Dreuth",124
"Northern Waterthrush",1929,1929-04-29,"Dreuth",119
"Northern Waterthrush",1930,1930-04-29,"Dreuth",119
"Northern Waterthrush",1931,1931-05-07,"Dreuth",127
"Northern Waterthrush",1932,1932-05-03,"Dreuth",124
"Olive-sided Flycatcher",1927,1927-05-21,"Dreuth",141
"Olive-sided Flycatcher",1929,1929-05-23,"Dreuth",143
"Orange-crowned Warbler",1927,1927-05-07,"Dreuth",127
"Orange-crowned Warbler",1928,1928-05-01,"Dreuth",122
"Orange-crowned Warbler",1929,1929-05-07,"Dreuth",127
"Orange-crowned Warbler",1930,1930-05-02,"Dreuth",122
"Orange-crowned Warbler",1931,1931-05-07,"Dreuth",127
"Orange-crowned Warbler",1932,1932-05-08,"Dreuth",129
"Orchard Oriole",1929,1929-04-30,"Dreuth",120
"Ovenbird",1927,1927-05-21,"Dreuth",141
"Ovenbird",1928,1928-05-03,"Dreuth",124
"Ovenbird",1929,1929-05-01,"Dreuth",121
"Ovenbird",1930,1930-04-29,"Dreuth",119
"Ovenbird",1931,1931-05-09,"Dreuth",129
"Ovenbird",1932,1932-05-05,"Dreuth",126
"Palm Warbler",1927,1927-05-01,"Dreuth",121
"Palm Warbler",1928,1928-05-02,"Dreuth",123
"Palm Warbler",1929,1929-04-23,"Dreuth",113
"Palm Warbler",1930,1930-04-27,"Dreuth",117
"Palm Warbler",1931,1931-04-20,"Dreuth",110
"Palm Warbler",1932,1932-04-29,"Dreuth",120
"Philadelphia Vireo",1927,1927-05-29,"Dreuth",149
"Philadelphia Vireo",1928,1928-05-22,"Dreuth",143
"Philadelphia Vireo",1929,1929-05-23,"Dreuth",143
"Philadelphia Vireo",1930,1930-05-23,"Dreuth",143
"Philadelphia Vireo",1931,1931-05-19,"Dreuth",139
"Philadelphia Vireo",1932,1932-05-21,"Dreuth",142
"Pied-billed Grebe",1928,1928-04-01,"Dreuth",92
"Pied-billed Grebe",1929,1929-04-04,"Dreuth",94
"Pied-billed Grebe",1930,1930-04-01,"Dreuth",91
"Pied-billed Grebe",1931,1931-04-18,"Dreuth",108
"Pine Warbler",1928,1928-05-03,"Dreuth",124
"Pine Warbler",1929,1929-04-24,"Dreuth",114
"Pine Warbler",1932,1932-04-29,"Dreuth",120
"Prairie Warbler",1929,1929-05-17,"Dreuth",137
"Prairie Warbler",1932,1932-05-05,"Dreuth",126
"Prothonotary Warbler",1928,1928-05-05,"Dreuth",126
"Prothonotary Warbler",1930,1930-05-11,"Dreuth",131
"Purple Finch",1927,1927-04-17,"Dreuth",107
"Purple Finch",1928,1928-04-29,"Dreuth",120
"Purple Finch",1929,1929-03-12,"Dreuth",71
"Purple Finch",1930,1930-04-27,"Dreuth",117
"Purple Finch",1931,1931-04-08,"Dreuth",98
"Purple Finch",1932,1932-04-07,"Dreuth",98
"Purple Martin",1927,1927-04-17,"Dreuth",107
"Purple Martin",1928,1928-04-29,"Dreuth",120
"Purple Martin",1929,1929-04-05,"Dreuth",95
"Purple Martin",1930,1930-04-11,"Dreuth",101
"Purple Martin",1931,1931-04-20,"Dreuth",110
"Purple Martin",1932,1932-04-14,"Dreuth",105
"Red-bellied Woodpecker",1932,1932-04-30,"Dreuth",121
"Red-breasted Merganser",1927,1927-03-13,"Dreuth",72
"Red-breasted Merganser",1928,1928-03-18,"Dreuth",78
"Red-breasted Merganser",1929,1929-04-02,"Dreuth",92
"Red-breasted Merganser",1930,1930-03-07,"Dreuth",66
"Red-breasted Merganser",1931,1931-03-20,"Dreuth",79
"Red-breasted Merganser",1932,1932-03-18,"Dreuth",78
"Red-breasted Nuthatch",1927,1927-05-01,"Dreuth",121
"Red-breasted Nuthatch",1928,1928-05-24,"Dreuth",145
"Red-breasted Nuthatch",1929,1929-05-24,"Dreuth",144
"Red-breasted Nuthatch",1930,1930-05-02,"Dreuth",122
"Red-breasted Nuthatch",1931,1931-05-14,"Dreuth",134
"Red-breasted Nuthatch",1932,1932-04-25,"Dreuth",116
"Red-eyed Vireo",1927,1927-05-22,"Dreuth",142
"Red-eyed Vireo",1928,1928-05-29,"Dreuth",150
"Red-eyed Vireo",1929,1929-05-27,"Dreuth",147
"Red-eyed Vireo",1930,1930-05-12,"Dreuth",132
"Red-eyed Vireo",1931,1931-05-16,"Dreuth",136
"Red-eyed Vireo",1932,1932-05-09,"Dreuth",130
"Red-headed Woodpecker",1928,1928-05-03,"Dreuth",124
"Red-headed Woodpecker",1929,1929-04-24,"Dreuth",114
"Red-headed Woodpecker",1930,1930-04-30,"Dreuth",120
"Red-headed Woodpecker",1931,1931-04-20,"Dreuth",110
"Red-headed Woodpecker",1932,1932-04-28,"Dreuth",119
"Red-throated Loon",1928,1928-05-15,"Dreuth",136
"Red-throated Loon",1931,1931-05-15,"Dreuth",135
"Red-winged Blackbird",1927,1927-03-06,"Dreuth",65
"Red-winged Blackbird",1928,1928-03-18,"Dreuth",78
"Red-winged Blackbird",1929,1929-03-12,"Dreuth",71
"Red-winged Blackbird",1930,1930-03-09,"Dreuth",68
"Red-winged Blackbird",1931,1931-03-03,"Dreuth",62
"Red-winged Blackbird",1932,1932-03-31,"Dreuth",91
"Redhead",1928,1928-04-01,"Dreuth",92
"Redhead",1929,1929-03-14,"Dreuth",73
"Redhead",1932,1932-03-11,"Dreuth",71
"Ring-billed Gull",1928,1928-04-08,"Dreuth",99
"Ring-billed Gull",1930,1930-04-02,"Dreuth",92
"Ring-billed Gull",1932,1932-03-29,"Dreuth",89
"Ring-necked Duck",1931,1931-04-07,"Dreuth",97
"Rose-breasted Grosbeak",1927,1927-05-08,"Dreuth",128
"Rose-breasted Grosbeak",1928,1928-05-03,"Dreuth",124
"Rose-breasted Grosbeak",1929,1929-05-10,"Dreuth",130
"Rose-breasted Grosbeak",1930,1930-05-04,"Dreuth",124
"Rose-breasted Grosbeak",1931,1931-05-16,"Dreuth",136
"Rose-breasted Grosbeak",1932,1932-05-06,"Dreuth",127
"Ruby-crowned Kinglet",1927,1927-04-17,"Dreuth",107
"Ruby-crowned Kinglet",1928,1928-04-22,"Dreuth",113
"Ruby-crowned Kinglet",1929,1929-04-05,"Dreuth",95
"Ruby-crowned Kinglet",1930,1930-04-09,"Dreuth",99
"Ruby-crowned Kinglet",1931,1931-04-12,"Dreuth",102
"Ruby-crowned Kinglet",1932,1932-04-07,"Dreuth",98
"Ruby-throated Hummingbird",1928,1928-05-15,"Dreuth",136
"Ruby-throated Hummingbird",1929,1929-05-16,"Dreuth",136
"Ruby-throated Hummingbird",1930,1930-05-12,"Dreuth",132
"Ruby-throated Hummingbird",1931,1931-05-27,"Dreuth",147
"Ruby-throated Hummingbird",1932,1932-05-21,"Dreuth",142
"Ruddy Duck",1928,1928-04-08,"Dreuth",99
"Ruddy Duck",1929,1929-04-04,"Dreuth",94
"Rusty Blackbird",1927,1927-04-17,"Dreuth",107
"Rusty Blackbird",1929,1929-03-18,"Dreuth",77
"Rusty Blackbird",1930,1930-04-01,"Dreuth",91
"Rusty Blackbird",1931,1931-04-08,"Dreuth",98
"Rusty Blackbird",1932,1932-03-30,"Dreuth",90
"Sanderling",1929,1929-05-31,"Dreuth",151
"Sanderling",1930,1930-05-14,"Dreuth",134
"Savannah Sparrow",1927,1927-04-17,"Dreuth",107
"Savannah Sparrow",1928,1928-04-29,"Dreuth",120
"Savannah Sparrow",1929,1929-03-23,"Dreuth",82
"Savannah Sparrow",1930,1930-04-12,"Dreuth",102
"Savannah Sparrow",1931,1931-04-09,"Dreuth",99
"Savannah Sparrow",1932,1932-03-30,"Dreuth",90
"Scarlet Tanager",1927,1927-05-15,"Dreuth",135
"Scarlet Tanager",1928,1928-05-17,"Dreuth",138
"Scarlet Tanager",1929,1929-05-23,"Dreuth",143
"Scarlet Tanager",1930,1930-05-05,"Dreuth",125
"Scarlet Tanager",1931,1931-05-15,"Dreuth",135
"Scarlet Tanager",1932,1932-05-06,"Dreuth",127
"Sharp-shinned Hawk",1931,1931-05-16,"Dreuth",136
"Solitary Sandpiper",1928,1928-05-04,"Dreuth",125
"Solitary Sandpiper",1929,1929-05-11,"Dreuth",131
"Solitary Sandpiper",1930,1930-05-14,"Dreuth",134
"Solitary Sandpiper",1931,1931-05-19,"Dreuth",139
"Solitary Sandpiper",1932,1932-04-29,"Dreuth",120
"Song Sparrow",1927,1927-03-13,"Dreuth",72
"Song Sparrow",1928,1928-03-11,"Dreuth",71
"Song Sparrow",1929,1929-03-11,"Dreuth",70
"Song Sparrow",1930,1930-03-05,"Dreuth",64
"Song Sparrow",1931,1931-03-21,"Dreuth",80
"Song Sparrow",1932,1932-03-28,"Dreuth",88
"Sora",1927,1927-05-01,"Dreuth",121
"Sora",1929,1929-04-22,"Dreuth",112
"Sora",1930,1930-04-24,"Dreuth",114
"Sora",1931,1931-05-15,"Dreuth",135
"Sora",1932,1932-04-21,"Dreuth",112
"Spotted Sandpiper",1928,1928-05-06,"Dreuth",127
"Spotted Sandpiper",1929,1929-05-04,"Dreuth",124
"Spotted Sandpiper",1930,1930-04-29,"Dreuth",119
"Spotted Sandpiper",1931,1931-05-04,"Dreuth",124
"Spotted Sandpiper",1932,1932-05-05,"Dreuth",126
"Summer Tanager",1931,1931-05-14,"Dreuth",134
"Swainson's Thrush",1927,1927-05-07,"Dreuth",127
"Swainson's Thrush",1928,1928-05-03,"Dreuth",124
"Swainson's Thrush",1929,1929-04-24,"Dreuth",114
"Swainson's Thrush",1930,1930-04-30,"Dreuth",120
"Swainson's Thrush",1931,1931-05-09,"Dreuth",129
"Swainson's Thrush",1932,1932-04-30,"Dreuth",121
"Swamp Sparrow",1927,1927-03-20,"Dreuth",79
"Swamp Sparrow",1928,1928-03-25,"Dreuth",85
"Swamp Sparrow",1929,1929-03-14,"Dreuth",73
"Swamp Sparrow",1930,1930-03-17,"Dreuth",76
"Swamp Sparrow",1931,1931-04-02,"Dreuth",92
"Swamp Sparrow",1932,1932-04-02,"Dreuth",93
"Tennessee Warbler",1927,1927-05-07,"Dreuth",127
"Tennessee Warbler",1928,1928-05-12,"Dreuth",133
"Tennessee Warbler",1929,1929-05-18,"Dreuth",138
"Tennessee Warbler",1930,1930-05-02,"Dreuth",122
"Tennessee Warbler",1931,1931-05-18,"Dreuth",138
"Tennessee Warbler",1932,1932-05-19,"Dreuth",140
"Tree Swallow",1929,1929-04-26,"Dreuth",116
"Tree Swallow",1931,1931-05-22,"Dreuth",142
"Tree Swallow",1932,1932-04-16,"Dreuth",107
"Veery",1927,1927-05-15,"Dreuth",135
"Veery",1928,1928-05-03,"Dreuth",124
"Veery",1929,1929-05-06,"Dreuth",126
"Veery",1930,1930-04-30,"Dreuth",120
"Veery",1931,1931-05-16,"Dreuth",136
"Veery",1932,1932-05-06,"Dreuth",127
"Vesper Sparrow",1927,1927-04-10,"Dreuth",100
"Vesper Sparrow",1929,1929-04-05,"Dreuth",95
"Vesper Sparrow",1930,1930-04-09,"Dreuth",99
"Vesper Sparrow",1931,1931-04-12,"Dreuth",102
"Vesper Sparrow",1932,1932-04-05,"Dreuth",96
"Virginia Rail",1930,1930-04-29,"Dreuth",119
"Warbling Vireo",1927,1927-05-15,"Dreuth",135
"Warbling Vireo",1928,1928-05-20,"Dreuth",141
"Warbling Vireo",1929,1929-05-27,"Dreuth",147
"Warbling Vireo",1930,1930-05-03,"Dreuth",123
"Warbling Vireo",1931,1931-05-05,"Dreuth",125
"Warbling Vireo",1932,1932-05-07,"Dreuth",128
"White-breasted Nuthatch",1928,1928-04-15,"Dreuth",106
"White-breasted Nuthatch",1930,1930-03-20,"Dreuth",79
"White-crowned Sparrow",1927,1927-05-08,"Dreuth",128
"White-crowned Sparrow",1928,1928-05-03,"Dreuth",124
"White-crowned Sparrow",1929,1929-04-29,"Dreuth",119
"White-crowned Sparrow",1930,1930-04-27,"Dreuth",117
"White-crowned Sparrow",1931,1931-05-02,"Dreuth",122
"White-crowned Sparrow",1932,1932-05-03,"Dreuth",124
"White-throated Sparrow",1927,1927-04-17,"Dreuth",107
"White-throated Sparrow",1928,1928-04-22,"Dreuth",113
"White-throated Sparrow",1929,1929-03-26,"Dreuth",85
"White-throated Sparrow",1930,1930-04-12,"Dreuth",102
"White-throated Sparrow",1931,1931-04-13,"Dreuth",103
"White-throated Sparrow",1932,1932-04-16,"Dreuth",107
"Wilson's Snipe",1930,1930-05-13,"Dreuth",133
"Wilson's Snipe",1931,1931-04-14,"Dreuth",104
"Wilson's Snipe",1932,1932-04-25,"Dreuth",116
"Wilson's Warbler",1927,1927-05-15,"Dreuth",135
"Wilson's Warbler",1928,1928-05-17,"Dreuth",138
"Wilson's Warbler",1929,1929-05-11,"Dreuth",131
"Wilson's Warbler",1930,1930-05-07,"Dreuth",127
"Wilson's Warbler",1931,1931-05-16,"Dreuth",136
"Wilson's Warbler",1932,1932-05-08,"Dreuth",129
"Winter Wren",1929,1929-04-08,"Dreuth",98
"Winter Wren",1931,1931-04-15,"Dreuth",105
"Winter Wren",1932,1932-04-23,"Dreuth",114
"Wood Thrush",1927,1927-05-07,"Dreuth",127
"Wood Thrush",1928,1928-05-04,"Dreuth",125
"Wood Thrush",1929,1929-05-10,"Dreuth",130
"Wood Thrush",1930,1930-05-02,"Dreuth",122
"Wood Thrush",1931,1931-05-14,"Dreuth",134
"Wood Thrush",1932,1932-05-06,"Dreuth",127
"Yellow-bellied Flycatcher",1927,1927-05-21,"Dreuth",141
"Yellow-bellied Flycatcher",1928,1928-05-11,"Dreuth",132
"Yellow-bellied Flycatcher",1929,1929-05-26,"Dreuth",146
"Yellow-bellied Flycatcher",1930,1930-05-12,"Dreuth",132
"Yellow-bellied Flycatcher",1931,1931-05-16,"Dreuth",136
"Yellow-bellied Flycatcher",1932,1932-05-15,"Dreuth",136
"Yellow-bellied Sapsucker",1928,1928-04-08,"Dreuth",99
"Yellow-bellied Sapsucker",1929,1929-03-23,"Dreuth",82
"Yellow-bellied Sapsucker",1930,1930-04-01,"Dreuth",91
"Yellow-bellied Sapsucker",1931,1931-04-08,"Dreuth",98
"Yellow-bellied Sapsucker",1932,1932-04-03,"Dreuth",94
"Yellow-billed Cuckoo",1929,1929-05-27,"Dreuth",147
"Yellow-billed Cuckoo",1930,1930-05-24,"Dreuth",144
"Yellow-billed Cuckoo",1932,1932-05-14,"Dreuth",135
"Yellow-breasted Chat",1928,1928-05-04,"Dreuth",125
"Yellow-breasted Chat",1930,1930-05-12,"Dreuth",132
"Yellow-headed Blackbird",1929,1929-04-22,"Dreuth",112
"Yellow-rumped Warbler",1927,1927-04-17,"Dreuth",107
"Yellow-rumped Warbler",1928,1928-04-22,"Dreuth",113
"Yellow-rumped Warbler",1929,1929-04-05,"Dreuth",95
"Yellow-rumped Warbler",1930,1930-04-10,"Dreuth",100
"Yellow-rumped Warbler",1931,1931-04-09,"Dreuth",99
"Yellow-rumped Warbler",1932,1932-04-07,"Dreuth",98
"Yellow-throated Vireo",1929,1929-05-15,"Dreuth",135
"Yellow-throated Vireo",1931,1931-05-16,"Dreuth",136
"Yellow Warbler",1927,1927-05-15,"Dreuth",135
"Yellow Warbler",1928,1928-05-03,"Dreuth",124
"Yellow Warbler",1929,1929-05-01,"Dreuth",121
"Yellow Warbler",1930,1930-05-03,"Dreuth",123
"Yellow Warbler",1931,1931-05-05,"Dreuth",125
"Yellow Warbler",1932,1932-04-29,"Dreuth",120
