"species","year","daySeen","observer"
"American Robin",1898,62,"Walter"
"Common Grackle",1898,57,"Walter"
"Blue Jay",1898,49,"Walter"
"Brown-headed Cowbird",1898,41,"Walter"
"Dark-eyed Junco",1898,33,"Walter"
"Eastern Towhee",1898,35,"Walter"
"Song Sparrow",1898,27,"Walter"
"Northern Flicker",1898,29,"Walter"
"Ruby-crowned Kinglet",1898,31,"Walter"
"White-throated Sparrow",1898,30,"Walter"
"Eastern Bluebird",1898,26,"Walter"
"Veery",1898,34,"Walter"
"Yellow-bellied Sapsucker",1898,23,"Walter"
"Yellow Warbler",1898,27,"Walter"
"Belted Kingfisher",1898,25,"Walter"
"Red-headed Woodpecker",1898,23,"Walter"
"Yellow-rumped Warbler",1898,19,"Walter"
"Brown Thrasher",1898,27,"Walter"
"Brown Creeper",1898,18,"Walter"
"Gray Catbird",1898,22,"Walter"
"Golden-crowned Kinglet",1898,18,"Walter"
"Chipping Sparrow",1898,25,"Walter"
"American Goldfinch",1898,21,"Walter"
"Tree Swallow",1898,13,"Walter"
"American Redstart",1898,18,"Walter"
"Barn Swallow",1898,15,"Walter"
"Fox Sparrow",1898,11,"Walter"
"Chimney Swift",1898,16,"Walter"
"Blue-gray Gnatcatcher",1898,18,"Walter"
"White-crowned Sparrow",1898,9,"Walter"
"Palm Warbler",1898,8,"Walter"
"Hermit Thrush",1898,13,"Walter"
"Black-and-white Warbler",1898,15,"Walter"
"Least Flycatcher",1898,18,"Walter"
"Magnolia Warbler",1898,13,"Walter"
"Black-throated Blue Warbler",1898,12,"Walter"
"Swainson's Thrush",1898,8,"Walter"
"Eastern Phoebe",1898,15,"Walter"
"Baltimore Oriole",1898,18,"Walter"
"Northern Waterthrush",1898,17,"Walter"
"Field Sparrow",1898,0,"Walter"
"Swamp Sparrow",1898,4,"Walter"
"American Crow",1898,4,"Walter"
"Chestnut-sided Warbler",1898,11,"Walter"
"Ovenbird",1898,9,"Walter"
"White-breasted Nuthatch",1898,12,"Walter"
"Common Yellowthroat",1898,18,"Walter"
"Eastern Wood-Pewee",1898,12,"Walter"
"Downy Woodpecker",1898,14,"Walter"
"House Wren",1898,1,"Walter"
"Red-eyed Vireo",1898,13,"Walter"
"Loggerhead Shrike",1898,5,"Walter"
"Indigo Bunting",1898,12,"Walter"
"Black-throated Green Warbler",1898,4,"Walter"
"Blackburnian Warbler",1898,11,"Walter"
"Blackpoll Warbler",1898,6,"Walter"
"Eastern Kingbird",1898,8,"Walter"
"Scarlet Tanager",1898,7,"Walter"
"Ruby-throated Hummingbird",1898,7,"Walter"
"Mourning Dove",1898,5,"Walter"
"Rose-breasted Grosbeak",1898,5,"Walter"
"American Tree Sparrow",1898,0,"Walter"
"Winter Wren",1898,3,"Walter"
"Eastern Meadowlark",1898,3,"Walter"
"Purple Martin",1898,1,"Walter"
"Cape May Warbler",1898,3,"Walter"
"Warbling Vireo",1898,7,"Walter"
"Mourning Warbler",1898,5,"Walter"
"Wilson's Warbler",1898,9,"Walter"
"Yellow-billed Cuckoo",1898,8,"Walter"
"Great Crested Flycatcher",1898,5,"Walter"
"Bobolink",1898,2,"Walter"
"Canada Warbler",1898,8,"Walter"
"Red-winged Blackbird",1898,4,"Walter"
"Wood Thrush",1898,8,"Walter"
"Orchard Oriole",1898,4,"Walter"
"Red-breasted Nuthatch",1898,0,"Walter"
"Northern Harrier",1898,0,"Walter"
"Hairy Woodpecker",1898,3,"Walter"
"Bay-breasted Warbler",1898,1,"Walter"
"Northern Parula",1898,6,"Walter"
"Black-capped Chickadee",1898,3,"Walter"
"Pine Warbler",1898,0,"Walter"
"Henslow's Sparrow",1898,3,"Walter"
"Nashville Warbler",1898,1,"Walter"
"Yellow-throated Vireo",1898,2,"Walter"
"Cedar Waxwing",1898,6,"Walter"
"Purple Finch",1898,4,"Walter"
"Vesper Sparrow",1898,0,"Walter"
"Blue-headed Vireo",1898,0,"Walter"
"Gray-cheeked Thrush",1898,0,"Walter"
"American Kestrel",1898,1,"Walter"
"Yellow-bellied Flycatcher",1898,0,"Walter"
"Common Nighthawk",1898,0,"Walter"
"Lincoln's Sparrow",1898,0,"Walter"
"Black-billed Cuckoo",1898,0,"Walter"
"Rusty Blackbird",1898,0,"Walter"
"Yellow-breasted Chat",1898,0,"Walter"
"Marsh Wren",1898,1,"Walter"
"Louisiana Waterthrush",1898,0,"Walter"
"Prothonotary Warbler",1898,0,"Walter"
"Savannah Sparrow",1898,0,"Walter"
"Golden-winged Warbler",1898,1,"Walter"
"Eastern Whip-poor-will",1898,1,"Walter"
"Connecticut Warbler",1898,0,"Walter"
"Dickcissel",1898,0,"Walter"
"Tennessee Warbler",1898,2,"Walter"
"Northern Mockingbird",1898,0,"Walter"
"Cerulean Warbler",1898,0,"Walter"
"Summer Tanager",1898,0,"Walter"
"Northern Cardinal",1898,0,"Walter"
"Red-bellied Woodpecker",1898,1,"Walter"
"Hooded Warbler",1898,0,"Walter"
"Yellow-headed Blackbird",1898,0,"Walter"
"American Robin",1899,52,"Walter"
"Common Grackle",1899,58,"Walter"
"Blue Jay",1899,58,"Walter"
"Brown-headed Cowbird",1899,34,"Walter"
"Dark-eyed Junco",1899,35,"Walter"
"Eastern Towhee",1899,18,"Walter"
"Song Sparrow",1899,33,"Walter"
"Northern Flicker",1899,18,"Walter"
"Ruby-crowned Kinglet",1899,28,"Walter"
"White-throated Sparrow",1899,23,"Walter"
"Eastern Bluebird",1899,1,"Walter"
"Veery",1899,35,"Walter"
"Yellow-bellied Sapsucker",1899,12,"Walter"
"Yellow Warbler",1899,30,"Walter"
"Belted Kingfisher",1899,21,"Walter"
"Red-headed Woodpecker",1899,23,"Walter"
"Yellow-rumped Warbler",1899,25,"Walter"
"Brown Thrasher",1899,8,"Walter"
"Brown Creeper",1899,15,"Walter"
"Gray Catbird",1899,27,"Walter"
"Golden-crowned Kinglet",1899,14,"Walter"
"Chipping Sparrow",1899,11,"Walter"
"American Goldfinch",1899,19,"Walter"
"Tree Swallow",1899,11,"Walter"
"American Redstart",1899,16,"Walter"
"Barn Swallow",1899,14,"Walter"
"Fox Sparrow",1899,9,"Walter"
"Chimney Swift",1899,11,"Walter"
"Blue-gray Gnatcatcher",1899,16,"Walter"
"White-crowned Sparrow",1899,5,"Walter"
"Palm Warbler",1899,21,"Walter"
"Hermit Thrush",1899,9,"Walter"
"Black-and-white Warbler",1899,15,"Walter"
"Least Flycatcher",1899,18,"Walter"
"Magnolia Warbler",1899,13,"Walter"
"Black-throated Blue Warbler",1899,14,"Walter"
"Swainson's Thrush",1899,4,"Walter"
"Eastern Phoebe",1899,4,"Walter"
"Baltimore Oriole",1899,6,"Walter"
"Northern Waterthrush",1899,6,"Walter"
"Field Sparrow",1899,2,"Walter"
"Swamp Sparrow",1899,4,"Walter"
"American Crow",1899,11,"Walter"
"Chestnut-sided Warbler",1899,6,"Walter"
"Ovenbird",1899,11,"Walter"
"White-breasted Nuthatch",1899,6,"Walter"
"Common Yellowthroat",1899,17,"Walter"
"Eastern Wood-Pewee",1899,14,"Walter"
"Downy Woodpecker",1899,7,"Walter"
"House Wren",1899,0,"Walter"
"Red-eyed Vireo",1899,10,"Walter"
"Loggerhead Shrike",1899,1,"Walter"
"Indigo Bunting",1899,17,"Walter"
"Black-throated Green Warbler",1899,9,"Walter"
"Blackburnian Warbler",1899,4,"Walter"
"Blackpoll Warbler",1899,7,"Walter"
"Eastern Kingbird",1899,1,"Walter"
"Scarlet Tanager",1899,3,"Walter"
"Ruby-throated Hummingbird",1899,9,"Walter"
"Mourning Dove",1899,3,"Walter"
"Rose-breasted Grosbeak",1899,2,"Walter"
"American Tree Sparrow",1899,0,"Walter"
"Winter Wren",1899,5,"Walter"
"Eastern Meadowlark",1899,0,"Walter"
"Purple Martin",1899,0,"Walter"
"Cape May Warbler",1899,2,"Walter"
"Warbling Vireo",1899,1,"Walter"
"Mourning Warbler",1899,8,"Walter"
"Wilson's Warbler",1899,1,"Walter"
"Yellow-billed Cuckoo",1899,7,"Walter"
"Great Crested Flycatcher",1899,2,"Walter"
"Bobolink",1899,0,"Walter"
"Canada Warbler",1899,3,"Walter"
"Red-winged Blackbird",1899,0,"Walter"
"Wood Thrush",1899,3,"Walter"
"Orchard Oriole",1899,3,"Walter"
"Red-breasted Nuthatch",1899,0,"Walter"
"Northern Harrier",1899,2,"Walter"
"Hairy Woodpecker",1899,1,"Walter"
"Bay-breasted Warbler",1899,1,"Walter"
"Northern Parula",1899,0,"Walter"
"Black-capped Chickadee",1899,0,"Walter"
"Pine Warbler",1899,0,"Walter"
"Henslow's Sparrow",1899,2,"Walter"
"Nashville Warbler",1899,1,"Walter"
"Yellow-throated Vireo",1899,0,"Walter"
"Cedar Waxwing",1899,5,"Walter"
"Purple Finch",1899,0,"Walter"
"Vesper Sparrow",1899,0,"Walter"
"Blue-headed Vireo",1899,0,"Walter"
"Gray-cheeked Thrush",1899,0,"Walter"
"American Kestrel",1899,1,"Walter"
"Yellow-bellied Flycatcher",1899,0,"Walter"
"Common Nighthawk",1899,2,"Walter"
"Lincoln's Sparrow",1899,0,"Walter"
"Black-billed Cuckoo",1899,1,"Walter"
"Rusty Blackbird",1899,2,"Walter"
"Yellow-breasted Chat",1899,0,"Walter"
"Marsh Wren",1899,2,"Walter"
"Louisiana Waterthrush",1899,0,"Walter"
"Prothonotary Warbler",1899,1,"Walter"
"Savannah Sparrow",1899,0,"Walter"
"Golden-winged Warbler",1899,0,"Walter"
"Eastern Whip-poor-will",1899,1,"Walter"
"Connecticut Warbler",1899,0,"Walter"
"Dickcissel",1899,0,"Walter"
"Tennessee Warbler",1899,0,"Walter"
"Northern Mockingbird",1899,0,"Walter"
"Cerulean Warbler",1899,0,"Walter"
"Summer Tanager",1899,1,"Walter"
"Northern Cardinal",1899,0,"Walter"
"Red-bellied Woodpecker",1899,0,"Walter"
"Hooded Warbler",1899,0,"Walter"
"Yellow-headed Blackbird",1899,0,"Walter"
"American Robin",1900,57,"Walter"
"Common Grackle",1900,57,"Walter"
"Blue Jay",1900,61,"Walter"
"Brown-headed Cowbird",1900,44,"Walter"
"Dark-eyed Junco",1900,32,"Walter"
"Eastern Towhee",1900,24,"Walter"
"Song Sparrow",1900,19,"Walter"
"Northern Flicker",1900,21,"Walter"
"Ruby-crowned Kinglet",1900,23,"Walter"
"White-throated Sparrow",1900,23,"Walter"
"Eastern Bluebird",1900,7,"Walter"
"Veery",1900,23,"Walter"
"Yellow-bellied Sapsucker",1900,15,"Walter"
"Yellow Warbler",1900,24,"Walter"
"Belted Kingfisher",1900,24,"Walter"
"Red-headed Woodpecker",1900,16,"Walter"
"Yellow-rumped Warbler",1900,11,"Walter"
"Brown Thrasher",1900,20,"Walter"
"Brown Creeper",1900,19,"Walter"
"Gray Catbird",1900,16,"Walter"
"Golden-crowned Kinglet",1900,13,"Walter"
"Chipping Sparrow",1900,11,"Walter"
"American Goldfinch",1900,12,"Walter"
"Tree Swallow",1900,16,"Walter"
"American Redstart",1900,19,"Walter"
"Barn Swallow",1900,10,"Walter"
"Fox Sparrow",1900,14,"Walter"
"Chimney Swift",1900,14,"Walter"
"Blue-gray Gnatcatcher",1900,11,"Walter"
"White-crowned Sparrow",1900,18,"Walter"
"Palm Warbler",1900,7,"Walter"
"Hermit Thrush",1900,10,"Walter"
"Black-and-white Warbler",1900,11,"Walter"
"Least Flycatcher",1900,8,"Walter"
"Magnolia Warbler",1900,13,"Walter"
"Black-throated Blue Warbler",1900,9,"Walter"
"Swainson's Thrush",1900,14,"Walter"
"Eastern Phoebe",1900,5,"Walter"
"Baltimore Oriole",1900,10,"Walter"
"Northern Waterthrush",1900,9,"Walter"
"Field Sparrow",1900,12,"Walter"
"Swamp Sparrow",1900,14,"Walter"
"American Crow",1900,7,"Walter"
"Chestnut-sided Warbler",1900,11,"Walter"
"Ovenbird",1900,11,"Walter"
"White-breasted Nuthatch",1900,17,"Walter"
"Common Yellowthroat",1900,10,"Walter"
"Eastern Wood-Pewee",1900,9,"Walter"
"Downy Woodpecker",1900,4,"Walter"
"House Wren",1900,10,"Walter"
"Red-eyed Vireo",1900,5,"Walter"
"Loggerhead Shrike",1900,16,"Walter"
"Indigo Bunting",1900,2,"Walter"
"Black-throated Green Warbler",1900,4,"Walter"
"Blackburnian Warbler",1900,9,"Walter"
"Blackpoll Warbler",1900,8,"Walter"
"Eastern Kingbird",1900,5,"Walter"
"Scarlet Tanager",1900,7,"Walter"
"Ruby-throated Hummingbird",1900,4,"Walter"
"Mourning Dove",1900,6,"Walter"
"Rose-breasted Grosbeak",1900,6,"Walter"
"American Tree Sparrow",1900,10,"Walter"
"Winter Wren",1900,11,"Walter"
"Eastern Meadowlark",1900,7,"Walter"
"Purple Martin",1900,0,"Walter"
"Cape May Warbler",1900,9,"Walter"
"Warbling Vireo",1900,4,"Walter"
"Mourning Warbler",1900,2,"Walter"
"Wilson's Warbler",1900,3,"Walter"
"Yellow-billed Cuckoo",1900,1,"Walter"
"Great Crested Flycatcher",1900,0,"Walter"
"Bobolink",1900,9,"Walter"
"Canada Warbler",1900,6,"Walter"
"Red-winged Blackbird",1900,2,"Walter"
"Wood Thrush",1900,0,"Walter"
"Orchard Oriole",1900,5,"Walter"
"Red-breasted Nuthatch",1900,10,"Walter"
"Northern Harrier",1900,1,"Walter"
"Hairy Woodpecker",1900,4,"Walter"
"Bay-breasted Warbler",1900,2,"Walter"
"Northern Parula",1900,0,"Walter"
"Black-capped Chickadee",1900,7,"Walter"
"Pine Warbler",1900,3,"Walter"
"Henslow's Sparrow",1900,1,"Walter"
"Nashville Warbler",1900,4,"Walter"
"Yellow-throated Vireo",1900,2,"Walter"
"Cedar Waxwing",1900,0,"Walter"
"Purple Finch",1900,4,"Walter"
"Vesper Sparrow",1900,6,"Walter"
"Blue-headed Vireo",1900,2,"Walter"
"Gray-cheeked Thrush",1900,0,"Walter"
"American Kestrel",1900,0,"Walter"
"Yellow-bellied Flycatcher",1900,5,"Walter"
"Common Nighthawk",1900,1,"Walter"
"Lincoln's Sparrow",1900,1,"Walter"
"Black-billed Cuckoo",1900,2,"Walter"
"Rusty Blackbird",1900,0,"Walter"
"Yellow-breasted Chat",1900,0,"Walter"
"Marsh Wren",1900,0,"Walter"
"Louisiana Waterthrush",1900,1,"Walter"
"Prothonotary Warbler",1900,0,"Walter"
"Savannah Sparrow",1900,0,"Walter"
"Golden-winged Warbler",1900,1,"Walter"
"Eastern Whip-poor-will",1900,0,"Walter"
"Connecticut Warbler",1900,0,"Walter"
"Dickcissel",1900,0,"Walter"
"Tennessee Warbler",1900,0,"Walter"
"Northern Mockingbird",1900,0,"Walter"
"Cerulean Warbler",1900,1,"Walter"
"Summer Tanager",1900,0,"Walter"
"Northern Cardinal",1900,1,"Walter"
"Red-bellied Woodpecker",1900,0,"Walter"
"Hooded Warbler",1900,0,"Walter"
"Yellow-headed Blackbird",1900,0,"Walter"
"American Robin",1901,69,"Walter"
"Common Grackle",1901,60,"Walter"
"Blue Jay",1901,65,"Walter"
"Brown-headed Cowbird",1901,44,"Walter"
"Dark-eyed Junco",1901,32,"Walter"
"Eastern Towhee",1901,44,"Walter"
"Song Sparrow",1901,38,"Walter"
"Northern Flicker",1901,33,"Walter"
"Ruby-crowned Kinglet",1901,30,"Walter"
"White-throated Sparrow",1901,31,"Walter"
"Eastern Bluebird",1901,31,"Walter"
"Veery",1901,21,"Walter"
"Yellow-bellied Sapsucker",1901,30,"Walter"
"Yellow Warbler",1901,18,"Walter"
"Belted Kingfisher",1901,27,"Walter"
"Red-headed Woodpecker",1901,26,"Walter"
"Yellow-rumped Warbler",1901,21,"Walter"
"Brown Thrasher",1901,21,"Walter"
"Brown Creeper",1901,14,"Walter"
"Gray Catbird",1901,17,"Walter"
"Golden-crowned Kinglet",1901,26,"Walter"
"Chipping Sparrow",1901,12,"Walter"
"American Goldfinch",1901,20,"Walter"
"Tree Swallow",1901,19,"Walter"
"American Redstart",1901,8,"Walter"
"Barn Swallow",1901,19,"Walter"
"Fox Sparrow",1901,9,"Walter"
"Chimney Swift",1901,15,"Walter"
"Blue-gray Gnatcatcher",1901,10,"Walter"
"White-crowned Sparrow",1901,22,"Walter"
"Palm Warbler",1901,11,"Walter"
"Hermit Thrush",1901,18,"Walter"
"Black-and-white Warbler",1901,13,"Walter"
"Least Flycatcher",1901,14,"Walter"
"Magnolia Warbler",1901,5,"Walter"
"Black-throated Blue Warbler",1901,13,"Walter"
"Swainson's Thrush",1901,16,"Walter"
"Eastern Phoebe",1901,16,"Walter"
"Baltimore Oriole",1901,15,"Walter"
"Northern Waterthrush",1901,14,"Walter"
"Field Sparrow",1901,17,"Walter"
"Swamp Sparrow",1901,12,"Walter"
"American Crow",1901,11,"Walter"
"Chestnut-sided Warbler",1901,13,"Walter"
"Ovenbird",1901,12,"Walter"
"White-breasted Nuthatch",1901,21,"Walter"
"Common Yellowthroat",1901,8,"Walter"
"Eastern Wood-Pewee",1901,6,"Walter"
"Downy Woodpecker",1901,8,"Walter"
"House Wren",1901,11,"Walter"
"Red-eyed Vireo",1901,6,"Walter"
"Loggerhead Shrike",1901,13,"Walter"
"Indigo Bunting",1901,6,"Walter"
"Black-throated Green Warbler",1901,9,"Walter"
"Blackburnian Warbler",1901,7,"Walter"
"Blackpoll Warbler",1901,3,"Walter"
"Eastern Kingbird",1901,3,"Walter"
"Scarlet Tanager",1901,4,"Walter"
"Ruby-throated Hummingbird",1901,3,"Walter"
"Mourning Dove",1901,10,"Walter"
"Rose-breasted Grosbeak",1901,8,"Walter"
"American Tree Sparrow",1901,3,"Walter"
"Winter Wren",1901,0,"Walter"
"Eastern Meadowlark",1901,13,"Walter"
"Purple Martin",1901,6,"Walter"
"Cape May Warbler",1901,2,"Walter"
"Warbling Vireo",1901,3,"Walter"
"Mourning Warbler",1901,4,"Walter"
"Wilson's Warbler",1901,2,"Walter"
"Yellow-billed Cuckoo",1901,3,"Walter"
"Great Crested Flycatcher",1901,1,"Walter"
"Bobolink",1901,10,"Walter"
"Canada Warbler",1901,4,"Walter"
"Red-winged Blackbird",1901,8,"Walter"
"Wood Thrush",1901,5,"Walter"
"Orchard Oriole",1901,1,"Walter"
"Red-breasted Nuthatch",1901,0,"Walter"
"Northern Harrier",1901,8,"Walter"
"Hairy Woodpecker",1901,0,"Walter"
"Bay-breasted Warbler",1901,1,"Walter"
"Northern Parula",1901,2,"Walter"
"Black-capped Chickadee",1901,8,"Walter"
"Pine Warbler",1901,1,"Walter"
"Henslow's Sparrow",1901,2,"Walter"
"Nashville Warbler",1901,1,"Walter"
"Yellow-throated Vireo",1901,2,"Walter"
"Cedar Waxwing",1901,1,"Walter"
"Purple Finch",1901,0,"Walter"
"Vesper Sparrow",1901,0,"Walter"
"Blue-headed Vireo",1901,1,"Walter"
"Gray-cheeked Thrush",1901,0,"Walter"
"American Kestrel",1901,4,"Walter"
"Yellow-bellied Flycatcher",1901,0,"Walter"
"Common Nighthawk",1901,1,"Walter"
"Lincoln's Sparrow",1901,0,"Walter"
"Black-billed Cuckoo",1901,2,"Walter"
"Rusty Blackbird",1901,3,"Walter"
"Yellow-breasted Chat",1901,0,"Walter"
"Marsh Wren",1901,0,"Walter"
"Louisiana Waterthrush",1901,0,"Walter"
"Prothonotary Warbler",1901,0,"Walter"
"Savannah Sparrow",1901,0,"Walter"
"Golden-winged Warbler",1901,1,"Walter"
"Eastern Whip-poor-will",1901,1,"Walter"
"Connecticut Warbler",1901,0,"Walter"
"Dickcissel",1901,1,"Walter"
"Tennessee Warbler",1901,0,"Walter"
"Northern Mockingbird",1901,2,"Walter"
"Cerulean Warbler",1901,0,"Walter"
"Summer Tanager",1901,0,"Walter"
"Northern Cardinal",1901,0,"Walter"
"Red-bellied Woodpecker",1901,0,"Walter"
"Hooded Warbler",1901,0,"Walter"
"Yellow-headed Blackbird",1901,1,"Walter"
"American Robin",1902,61,"Walter"
"Common Grackle",1902,57,"Walter"
"Blue Jay",1902,40,"Walter"
"Brown-headed Cowbird",1902,39,"Walter"
"Dark-eyed Junco",1902,51,"Walter"
"Eastern Towhee",1902,45,"Walter"
"Song Sparrow",1902,37,"Walter"
"Northern Flicker",1902,37,"Walter"
"Ruby-crowned Kinglet",1902,22,"Walter"
"White-throated Sparrow",1902,26,"Walter"
"Eastern Bluebird",1902,35,"Walter"
"Veery",1902,11,"Walter"
"Yellow-bellied Sapsucker",1902,27,"Walter"
"Yellow Warbler",1902,13,"Walter"
"Belted Kingfisher",1902,21,"Walter"
"Red-headed Woodpecker",1902,16,"Walter"
"Yellow-rumped Warbler",1902,22,"Walter"
"Brown Thrasher",1902,16,"Walter"
"Brown Creeper",1902,28,"Walter"
"Gray Catbird",1902,10,"Walter"
"Golden-crowned Kinglet",1902,15,"Walter"
"Chipping Sparrow",1902,17,"Walter"
"American Goldfinch",1902,5,"Walter"
"Tree Swallow",1902,13,"Walter"
"American Redstart",1902,10,"Walter"
"Barn Swallow",1902,14,"Walter"
"Fox Sparrow",1902,27,"Walter"
"Chimney Swift",1902,11,"Walter"
"Blue-gray Gnatcatcher",1902,16,"Walter"
"White-crowned Sparrow",1902,16,"Walter"
"Palm Warbler",1902,19,"Walter"
"Hermit Thrush",1902,9,"Walter"
"Black-and-white Warbler",1902,12,"Walter"
"Least Flycatcher",1902,7,"Walter"
"Magnolia Warbler",1902,16,"Walter"
"Black-throated Blue Warbler",1902,12,"Walter"
"Swainson's Thrush",1902,11,"Walter"
"Eastern Phoebe",1902,45,"Walter"
"Baltimore Oriole",1902,11,"Walter"
"Northern Waterthrush",1902,8,"Walter"
"Field Sparrow",1902,21,"Walter"
"Swamp Sparrow",1902,17,"Walter"
"American Crow",1902,16,"Walter"
"Chestnut-sided Warbler",1902,9,"Walter"
"Ovenbird",1902,11,"Walter"
"White-breasted Nuthatch",1902,6,"Walter"
"Common Yellowthroat",1902,3,"Walter"
"Eastern Wood-Pewee",1902,7,"Walter"
"Downy Woodpecker",1902,17,"Walter"
"House Wren",1902,13,"Walter"
"Red-eyed Vireo",1902,6,"Walter"
"Loggerhead Shrike",1902,7,"Walter"
"Indigo Bunting",1902,5,"Walter"
"Black-throated Green Warbler",1902,6,"Walter"
"Blackburnian Warbler",1902,5,"Walter"
"Blackpoll Warbler",1902,3,"Walter"
"Eastern Kingbird",1902,6,"Walter"
"Scarlet Tanager",1902,3,"Walter"
"Ruby-throated Hummingbird",1902,1,"Walter"
"Mourning Dove",1902,2,"Walter"
"Rose-breasted Grosbeak",1902,6,"Walter"
"American Tree Sparrow",1902,12,"Walter"
"Winter Wren",1902,3,"Walter"
"Eastern Meadowlark",1902,5,"Walter"
"Purple Martin",1902,4,"Walter"
"Cape May Warbler",1902,6,"Walter"
"Warbling Vireo",1902,4,"Walter"
"Mourning Warbler",1902,4,"Walter"
"Wilson's Warbler",1902,5,"Walter"
"Yellow-billed Cuckoo",1902,1,"Walter"
"Great Crested Flycatcher",1902,10,"Walter"
"Bobolink",1902,1,"Walter"
"Canada Warbler",1902,1,"Walter"
"Red-winged Blackbird",1902,3,"Walter"
"Wood Thrush",1902,3,"Walter"
"Orchard Oriole",1902,1,"Walter"
"Red-breasted Nuthatch",1902,3,"Walter"
"Northern Harrier",1902,5,"Walter"
"Hairy Woodpecker",1902,4,"Walter"
"Bay-breasted Warbler",1902,4,"Walter"
"Northern Parula",1902,9,"Walter"
"Black-capped Chickadee",1902,0,"Walter"
"Pine Warbler",1902,5,"Walter"
"Henslow's Sparrow",1902,3,"Walter"
"Nashville Warbler",1902,0,"Walter"
"Yellow-throated Vireo",1902,3,"Walter"
"Cedar Waxwing",1902,2,"Walter"
"Purple Finch",1902,1,"Walter"
"Vesper Sparrow",1902,4,"Walter"
"Blue-headed Vireo",1902,6,"Walter"
"Gray-cheeked Thrush",1902,3,"Walter"
"American Kestrel",1902,2,"Walter"
"Yellow-bellied Flycatcher",1902,2,"Walter"
"Common Nighthawk",1902,0,"Walter"
"Lincoln's Sparrow",1902,1,"Walter"
"Black-billed Cuckoo",1902,2,"Walter"
"Rusty Blackbird",1902,0,"Walter"
"Yellow-breasted Chat",1902,1,"Walter"
"Marsh Wren",1902,0,"Walter"
"Louisiana Waterthrush",1902,3,"Walter"
"Prothonotary Warbler",1902,3,"Walter"
"Savannah Sparrow",1902,0,"Walter"
"Golden-winged Warbler",1902,1,"Walter"
"Eastern Whip-poor-will",1902,0,"Walter"
"Connecticut Warbler",1902,0,"Walter"
"Dickcissel",1902,2,"Walter"
"Tennessee Warbler",1902,0,"Walter"
"Northern Mockingbird",1902,0,"Walter"
"Cerulean Warbler",1902,1,"Walter"
"Summer Tanager",1902,0,"Walter"
"Northern Cardinal",1902,0,"Walter"
"Red-bellied Woodpecker",1902,0,"Walter"
"Hooded Warbler",1902,0,"Walter"
"Yellow-headed Blackbird",1902,0,"Walter"
"American Robin",1903,82,"Walter"
"Common Grackle",1903,72,"Walter"
"Blue Jay",1903,51,"Walter"
"Brown-headed Cowbird",1903,54,"Walter"
"Dark-eyed Junco",1903,42,"Walter"
"Eastern Towhee",1903,48,"Walter"
"Song Sparrow",1903,36,"Walter"
"Northern Flicker",1903,46,"Walter"
"Ruby-crowned Kinglet",1903,39,"Walter"
"White-throated Sparrow",1903,35,"Walter"
"Eastern Bluebird",1903,50,"Walter"
"Veery",1903,20,"Walter"
"Yellow-bellied Sapsucker",1903,34,"Walter"
"Yellow Warbler",1903,27,"Walter"
"Belted Kingfisher",1903,19,"Walter"
"Red-headed Woodpecker",1903,26,"Walter"
"Yellow-rumped Warbler",1903,31,"Walter"
"Brown Thrasher",1903,29,"Walter"
"Brown Creeper",1903,27,"Walter"
"Gray Catbird",1903,17,"Walter"
"Golden-crowned Kinglet",1903,23,"Walter"
"Chipping Sparrow",1903,32,"Walter"
"American Goldfinch",1903,18,"Walter"
"Tree Swallow",1903,22,"Walter"
"American Redstart",1903,20,"Walter"
"Barn Swallow",1903,19,"Walter"
"Fox Sparrow",1903,21,"Walter"
"Chimney Swift",1903,22,"Walter"
"Blue-gray Gnatcatcher",1903,17,"Walter"
"White-crowned Sparrow",1903,17,"Walter"
"Palm Warbler",1903,20,"Walter"
"Hermit Thrush",1903,27,"Walter"
"Black-and-white Warbler",1903,18,"Walter"
"Least Flycatcher",1903,18,"Walter"
"Magnolia Warbler",1903,20,"Walter"
"Black-throated Blue Warbler",1903,16,"Walter"
"Swainson's Thrush",1903,23,"Walter"
"Eastern Phoebe",1903,19,"Walter"
"Baltimore Oriole",1903,13,"Walter"
"Northern Waterthrush",1903,17,"Walter"
"Field Sparrow",1903,17,"Walter"
"Swamp Sparrow",1903,17,"Walter"
"American Crow",1903,18,"Walter"
"Chestnut-sided Warbler",1903,16,"Walter"
"Ovenbird",1903,11,"Walter"
"White-breasted Nuthatch",1903,2,"Walter"
"Common Yellowthroat",1903,15,"Walter"
"Eastern Wood-Pewee",1903,13,"Walter"
"Downy Woodpecker",1903,10,"Walter"
"House Wren",1903,24,"Walter"
"Red-eyed Vireo",1903,16,"Walter"
"Loggerhead Shrike",1903,13,"Walter"
"Indigo Bunting",1903,11,"Walter"
"Black-throated Green Warbler",1903,12,"Walter"
"Blackburnian Warbler",1903,6,"Walter"
"Blackpoll Warbler",1903,15,"Walter"
"Eastern Kingbird",1903,17,"Walter"
"Scarlet Tanager",1903,10,"Walter"
"Ruby-throated Hummingbird",1903,10,"Walter"
"Mourning Dove",1903,8,"Walter"
"Rose-breasted Grosbeak",1903,6,"Walter"
"American Tree Sparrow",1903,8,"Walter"
"Winter Wren",1903,10,"Walter"
"Eastern Meadowlark",1903,4,"Walter"
"Purple Martin",1903,20,"Walter"
"Cape May Warbler",1903,7,"Walter"
"Warbling Vireo",1903,10,"Walter"
"Mourning Warbler",1903,5,"Walter"
"Wilson's Warbler",1903,8,"Walter"
"Yellow-billed Cuckoo",1903,7,"Walter"
"Great Crested Flycatcher",1903,9,"Walter"
"Bobolink",1903,4,"Walter"
"Canada Warbler",1903,4,"Walter"
"Red-winged Blackbird",1903,7,"Walter"
"Wood Thrush",1903,3,"Walter"
"Orchard Oriole",1903,6,"Walter"
"Red-breasted Nuthatch",1903,7,"Walter"
"Northern Harrier",1903,4,"Walter"
"Hairy Woodpecker",1903,7,"Walter"
"Bay-breasted Warbler",1903,10,"Walter"
"Northern Parula",1903,2,"Walter"
"Black-capped Chickadee",1903,0,"Walter"
"Pine Warbler",1903,9,"Walter"
"Henslow's Sparrow",1903,6,"Walter"
"Nashville Warbler",1903,9,"Walter"
"Yellow-throated Vireo",1903,7,"Walter"
"Cedar Waxwing",1903,1,"Walter"
"Purple Finch",1903,5,"Walter"
"Vesper Sparrow",1903,3,"Walter"
"Blue-headed Vireo",1903,4,"Walter"
"Gray-cheeked Thrush",1903,10,"Walter"
"American Kestrel",1903,4,"Walter"
"Yellow-bellied Flycatcher",1903,4,"Walter"
"Common Nighthawk",1903,7,"Walter"
"Lincoln's Sparrow",1903,8,"Walter"
"Black-billed Cuckoo",1903,2,"Walter"
"Rusty Blackbird",1903,2,"Walter"
"Yellow-breasted Chat",1903,6,"Walter"
"Marsh Wren",1903,3,"Walter"
"Louisiana Waterthrush",1903,2,"Walter"
"Prothonotary Warbler",1903,1,"Walter"
"Savannah Sparrow",1903,5,"Walter"
"Golden-winged Warbler",1903,0,"Walter"
"Eastern Whip-poor-will",1903,1,"Walter"
"Connecticut Warbler",1903,3,"Walter"
"Dickcissel",1903,0,"Walter"
"Tennessee Warbler",1903,0,"Walter"
"Northern Mockingbird",1903,0,"Walter"
"Cerulean Warbler",1903,0,"Walter"
"Summer Tanager",1903,0,"Walter"
"Northern Cardinal",1903,0,"Walter"
"Red-bellied Woodpecker",1903,0,"Walter"
"Hooded Warbler",1903,1,"Walter"
"Yellow-headed Blackbird",1903,0,"Walter"
"American Bittern",1928,1,"Dreuth"
"American Bittern",1930,4,"Dreuth"
"American Bittern",1931,2,"Dreuth"
"American Bittern",1932,4,"Dreuth"
"American Coot",1928,1,"Dreuth"
"American Coot",1929,4,"Dreuth"
"American Coot",1930,4,"Dreuth"
"American Coot",1931,10,"Dreuth"
"American Coot",1932,1,"Dreuth"
"American Crow",1927,3,"Dreuth"
"American Crow",1928,3,"Dreuth"
"American Crow",1930,10,"Dreuth"
"American Crow",1931,5,"Dreuth"
"American Crow",1932,8,"Dreuth"
"American Goldfinch",1927,2,"Dreuth"
"American Goldfinch",1928,6,"Dreuth"
"American Goldfinch",1929,17,"Dreuth"
"American Goldfinch",1930,10,"Dreuth"
"American Goldfinch",1931,14,"Dreuth"
"American Goldfinch",1932,20,"Dreuth"
"American Kestrel",1932,1,"Dreuth"
"American Redstart",1927,3,"Dreuth"
"American Redstart",1928,23,"Dreuth"
"American Redstart",1929,19,"Dreuth"
"American Redstart",1930,23,"Dreuth"
"American Redstart",1931,17,"Dreuth"
"American Redstart",1932,26,"Dreuth"
"American Robin",1927,13,"Dreuth"
"American Robin",1928,38,"Dreuth"
"American Robin",1929,76,"Dreuth"
"American Robin",1930,64,"Dreuth"
"American Robin",1931,60,"Dreuth"
"American Robin",1932,39,"Dreuth"
"American Tree Sparrow",1927,1,"Dreuth"
"American Tree Sparrow",1928,3,"Dreuth"
"American Tree Sparrow",1929,18,"Dreuth"
"American Tree Sparrow",1930,10,"Dreuth"
"American Tree Sparrow",1931,10,"Dreuth"
"American Tree Sparrow",1932,13,"Dreuth"
"American Wigeon",1931,1,"Dreuth"
"American Wigeon",1932,1,"Dreuth"
"American Woodcock",1932,4,"Dreuth"
"Bachman's Sparrow",1932,1,"Dreuth"
"Baltimore Oriole",1928,13,"Dreuth"
"Baltimore Oriole",1929,15,"Dreuth"
"Baltimore Oriole",1930,7,"Dreuth"
"Baltimore Oriole",1931,12,"Dreuth"
"Baltimore Oriole",1932,6,"Dreuth"
"Bank Swallow",1931,4,"Dreuth"
"Bank Swallow",1932,2,"Dreuth"
"Barn Swallow",1927,1,"Dreuth"
"Barn Swallow",1928,3,"Dreuth"
"Barn Swallow",1929,10,"Dreuth"
"Barn Swallow",1931,10,"Dreuth"
"Barn Swallow",1932,12,"Dreuth"
"Bay-breasted Warbler",1927,2,"Dreuth"
"Bay-breasted Warbler",1928,10,"Dreuth"
"Bay-breasted Warbler",1929,5,"Dreuth"
"Bay-breasted Warbler",1930,4,"Dreuth"
"Bay-breasted Warbler",1932,6,"Dreuth"
"Belted Kingfisher",1928,7,"Dreuth"
"Belted Kingfisher",1929,12,"Dreuth"
"Belted Kingfisher",1930,12,"Dreuth"
"Belted Kingfisher",1931,28,"Dreuth"
"Belted Kingfisher",1932,20,"Dreuth"
"Bewick's Wren",1929,2,"Dreuth"
"Bewick's Wren",1932,7,"Dreuth"
"Black-and-white Warbler",1927,4,"Dreuth"
"Black-and-white Warbler",1928,17,"Dreuth"
"Black-and-white Warbler",1929,22,"Dreuth"
"Black-and-white Warbler",1930,18,"Dreuth"
"Black-and-white Warbler",1931,19,"Dreuth"
"Black-and-white Warbler",1932,18,"Dreuth"
"Black-billed Cuckoo",1928,1,"Dreuth"
"Black-billed Cuckoo",1929,1,"Dreuth"
"Black-billed Cuckoo",1931,5,"Dreuth"
"Black-billed Cuckoo",1932,7,"Dreuth"
"Black-capped Chickadee",1929,1,"Dreuth"
"Black-capped Chickadee",1930,1,"Dreuth"
"Blackpoll Warbler",1927,3,"Dreuth"
"Blackpoll Warbler",1928,9,"Dreuth"
"Blackpoll Warbler",1929,14,"Dreuth"
"Blackpoll Warbler",1930,11,"Dreuth"
"Blackpoll Warbler",1932,14,"Dreuth"
"Black Scoter",1931,1,"Dreuth"
"Black Tern",1930,3,"Dreuth"
"Black Tern",1932,6,"Dreuth"
"Black-throated Blue Warbler",1927,1,"Dreuth"
"Black-throated Blue Warbler",1928,7,"Dreuth"
"Black-throated Blue Warbler",1929,13,"Dreuth"
"Black-throated Blue Warbler",1930,7,"Dreuth"
"Black-throated Blue Warbler",1931,5,"Dreuth"
"Black-throated Blue Warbler",1932,7,"Dreuth"
"Black-throated Green Warbler",1927,4,"Dreuth"
"Black-throated Green Warbler",1928,11,"Dreuth"
"Black-throated Green Warbler",1929,12,"Dreuth"
"Black-throated Green Warbler",1930,17,"Dreuth"
"Black-throated Green Warbler",1931,7,"Dreuth"
"Black-throated Green Warbler",1932,6,"Dreuth"
"Blackburnian Warbler",1927,2,"Dreuth"
"Blackburnian Warbler",1928,6,"Dreuth"
"Blackburnian Warbler",1929,16,"Dreuth"
"Blackburnian Warbler",1930,3,"Dreuth"
"Blackburnian Warbler",1931,10,"Dreuth"
"Blackburnian Warbler",1932,9,"Dreuth"
"Blue-gray Gnatcatcher",1928,4,"Dreuth"
"Blue-gray Gnatcatcher",1929,5,"Dreuth"
"Blue-gray Gnatcatcher",1930,3,"Dreuth"
"Blue-gray Gnatcatcher",1931,8,"Dreuth"
"Blue-gray Gnatcatcher",1932,2,"Dreuth"
"Blue-headed Vireo",1927,2,"Dreuth"
"Blue-headed Vireo",1928,8,"Dreuth"
"Blue-headed Vireo",1929,11,"Dreuth"
"Blue-headed Vireo",1930,3,"Dreuth"
"Blue-headed Vireo",1931,6,"Dreuth"
"Blue-headed Vireo",1932,7,"Dreuth"
"Blue Jay",1927,7,"Dreuth"
"Blue Jay",1928,25,"Dreuth"
"Blue Jay",1929,33,"Dreuth"
"Blue Jay",1930,27,"Dreuth"
"Blue Jay",1931,20,"Dreuth"
"Blue Jay",1932,28,"Dreuth"
"Blue-winged Teal",1930,2,"Dreuth"
"Blue-winged Teal",1931,8,"Dreuth"
"Blue-winged Teal",1932,2,"Dreuth"
"Bobolink",1927,1,"Dreuth"
"Bobolink",1928,3,"Dreuth"
"Bobolink",1929,2,"Dreuth"
"Bobolink",1930,2,"Dreuth"
"Bobolink",1931,2,"Dreuth"
"Bobolink",1932,3,"Dreuth"
"Bonaparte's Gull",1927,9,"Dreuth"
"Bonaparte's Gull",1928,20,"Dreuth"
"Bonaparte's Gull",1929,31,"Dreuth"
"Bonaparte's Gull",1930,34,"Dreuth"
"Bonaparte's Gull",1931,31,"Dreuth"
"Bonaparte's Gull",1932,43,"Dreuth"
"Brown Creeper",1927,2,"Dreuth"
"Brown Creeper",1928,10,"Dreuth"
"Brown Creeper",1929,28,"Dreuth"
"Brown Creeper",1930,24,"Dreuth"
"Brown Creeper",1931,30,"Dreuth"
"Brown Creeper",1932,2,"Dreuth"
"Brown-headed Cowbird",1927,2,"Dreuth"
"Brown-headed Cowbird",1928,17,"Dreuth"
"Brown-headed Cowbird",1929,18,"Dreuth"
"Brown-headed Cowbird",1930,20,"Dreuth"
"Brown-headed Cowbird",1931,30,"Dreuth"
"Brown-headed Cowbird",1932,37,"Dreuth"
"Brown Thrasher",1927,7,"Dreuth"
"Brown Thrasher",1928,29,"Dreuth"
"Brown Thrasher",1929,37,"Dreuth"
"Brown Thrasher",1930,30,"Dreuth"
"Brown Thrasher",1931,26,"Dreuth"
"Brown Thrasher",1932,40,"Dreuth"
"Bufflehead",1929,2,"Dreuth"
"Bufflehead",1930,4,"Dreuth"
"Canada Goose",1931,1,"Dreuth"
"Canada Warbler",1927,1,"Dreuth"
"Canada Warbler",1928,11,"Dreuth"
"Canada Warbler",1929,8,"Dreuth"
"Canada Warbler",1930,8,"Dreuth"
"Canada Warbler",1931,11,"Dreuth"
"Canada Warbler",1932,13,"Dreuth"
"Canvasback",1928,3,"Dreuth"
"Canvasback",1932,3,"Dreuth"
"Cape May Warbler",1927,1,"Dreuth"
"Cape May Warbler",1928,10,"Dreuth"
"Cape May Warbler",1929,14,"Dreuth"
"Cape May Warbler",1930,6,"Dreuth"
"Cape May Warbler",1931,9,"Dreuth"
"Cape May Warbler",1932,6,"Dreuth"
"Cedar Waxwing",1929,2,"Dreuth"
"Cedar Waxwing",1931,14,"Dreuth"
"Cedar Waxwing",1932,24,"Dreuth"
"Chestnut-sided Warbler",1927,3,"Dreuth"
"Chestnut-sided Warbler",1928,16,"Dreuth"
"Chestnut-sided Warbler",1929,13,"Dreuth"
"Chestnut-sided Warbler",1930,11,"Dreuth"
"Chestnut-sided Warbler",1931,14,"Dreuth"
"Chestnut-sided Warbler",1932,16,"Dreuth"
"Chimney Swift",1928,13,"Dreuth"
"Chimney Swift",1929,9,"Dreuth"
"Chimney Swift",1930,10,"Dreuth"
"Chimney Swift",1931,8,"Dreuth"
"Chimney Swift",1932,12,"Dreuth"
"Chipping Sparrow",1927,2,"Dreuth"
"Chipping Sparrow",1928,11,"Dreuth"
"Chipping Sparrow",1929,5,"Dreuth"
"Chipping Sparrow",1930,7,"Dreuth"
"Chipping Sparrow",1931,5,"Dreuth"
"Chipping Sparrow",1932,11,"Dreuth"
"Clay-colored Sparrow",1928,4,"Dreuth"
"Clay-colored Sparrow",1929,6,"Dreuth"
"Clay-colored Sparrow",1930,2,"Dreuth"
"Clay-colored Sparrow",1931,7,"Dreuth"
"Cliff Swallow",1931,2,"Dreuth"
"Common Goldeneye",1927,6,"Dreuth"
"Common Goldeneye",1928,8,"Dreuth"
"Common Goldeneye",1929,16,"Dreuth"
"Common Goldeneye",1930,5,"Dreuth"
"Common Goldeneye",1931,5,"Dreuth"
"Common Goldeneye",1932,28,"Dreuth"
"Common Grackle",1927,14,"Dreuth"
"Common Grackle",1928,36,"Dreuth"
"Common Grackle",1929,70,"Dreuth"
"Common Grackle",1930,68,"Dreuth"
"Common Grackle",1931,60,"Dreuth"
"Common Grackle",1932,65,"Dreuth"
"Common Loon",1927,4,"Dreuth"
"Common Loon",1929,4,"Dreuth"
"Common Loon",1931,1,"Dreuth"
"Common Loon",1932,1,"Dreuth"
"Common Merganser",1927,1,"Dreuth"
"Common Merganser",1928,6,"Dreuth"
"Common Merganser",1929,1,"Dreuth"
"Common Merganser",1930,1,"Dreuth"
"Common Merganser",1932,2,"Dreuth"
"Common Nighthawk",1928,1,"Dreuth"
"Common Nighthawk",1929,1,"Dreuth"
"Common Nighthawk",1931,1,"Dreuth"
"Common Nighthawk",1932,2,"Dreuth"
"Common Tern",1927,5,"Dreuth"
"Common Tern",1928,23,"Dreuth"
"Common Tern",1929,29,"Dreuth"
"Common Tern",1930,15,"Dreuth"
"Common Tern",1931,14,"Dreuth"
"Common Tern",1932,5,"Dreuth"
"Common Yellowthroat",1927,4,"Dreuth"
"Common Yellowthroat",1928,22,"Dreuth"
"Common Yellowthroat",1929,16,"Dreuth"
"Common Yellowthroat",1930,17,"Dreuth"
"Common Yellowthroat",1931,15,"Dreuth"
"Common Yellowthroat",1932,17,"Dreuth"
"Connecticut Warbler",1928,1,"Dreuth"
"Connecticut Warbler",1929,2,"Dreuth"
"Connecticut Warbler",1930,2,"Dreuth"
"Connecticut Warbler",1931,2,"Dreuth"
"Connecticut Warbler",1932,1,"Dreuth"
"Dark-eyed Junco",1927,7,"Dreuth"
"Dark-eyed Junco",1928,15,"Dreuth"
"Dark-eyed Junco",1929,43,"Dreuth"
"Dark-eyed Junco",1930,41,"Dreuth"
"Dark-eyed Junco",1931,35,"Dreuth"
"Dark-eyed Junco",1932,34,"Dreuth"
"Dickcissel",1929,1,"Dreuth"
"Dickcissel",1930,1,"Dreuth"
"Downy Woodpecker",1928,3,"Dreuth"
"Downy Woodpecker",1929,10,"Dreuth"
"Downy Woodpecker",1930,11,"Dreuth"
"Downy Woodpecker",1931,7,"Dreuth"
"Downy Woodpecker",1932,5,"Dreuth"
"Eastern Bluebird",1927,6,"Dreuth"
"Eastern Bluebird",1928,4,"Dreuth"
"Eastern Bluebird",1929,8,"Dreuth"
"Eastern Bluebird",1930,10,"Dreuth"
"Eastern Bluebird",1931,4,"Dreuth"
"Eastern Bluebird",1932,8,"Dreuth"
"Eastern Kingbird",1928,3,"Dreuth"
"Eastern Kingbird",1929,5,"Dreuth"
"Eastern Kingbird",1930,3,"Dreuth"
"Eastern Kingbird",1931,6,"Dreuth"
"Eastern Kingbird",1932,7,"Dreuth"
"Eastern Meadowlark",1927,3,"Dreuth"
"Eastern Meadowlark",1928,6,"Dreuth"
"Eastern Meadowlark",1929,14,"Dreuth"
"Eastern Meadowlark",1930,19,"Dreuth"
"Eastern Meadowlark",1931,16,"Dreuth"
"Eastern Meadowlark",1932,17,"Dreuth"
"Eastern Phoebe",1928,7,"Dreuth"
"Eastern Phoebe",1929,14,"Dreuth"
"Eastern Phoebe",1930,10,"Dreuth"
"Eastern Phoebe",1931,8,"Dreuth"
"Eastern Phoebe",1932,18,"Dreuth"
"Eastern Screech-Owl",1928,1,"Dreuth"
"Eastern Screech-Owl",1931,2,"Dreuth"
"Eastern Towhee",1927,5,"Dreuth"
"Eastern Towhee",1928,11,"Dreuth"
"Eastern Towhee",1929,49,"Dreuth"
"Eastern Towhee",1930,23,"Dreuth"
"Eastern Towhee",1931,32,"Dreuth"
"Eastern Towhee",1932,34,"Dreuth"
"Eastern Whip-poor-will",1931,1,"Dreuth"
"Eastern Whip-poor-will",1932,4,"Dreuth"
"Eastern Wood-Pewee",1927,2,"Dreuth"
"Eastern Wood-Pewee",1928,8,"Dreuth"
"Eastern Wood-Pewee",1929,8,"Dreuth"
"Eastern Wood-Pewee",1930,7,"Dreuth"
"Eastern Wood-Pewee",1931,8,"Dreuth"
"Eastern Wood-Pewee",1932,7,"Dreuth"
"European Starling",1930,1,"Dreuth"
"European Starling",1931,1,"Dreuth"
"European Starling",1932,62,"Dreuth"
"Field Sparrow",1927,5,"Dreuth"
"Field Sparrow",1928,14,"Dreuth"
"Field Sparrow",1929,22,"Dreuth"
"Field Sparrow",1930,22,"Dreuth"
"Field Sparrow",1931,25,"Dreuth"
"Field Sparrow",1932,35,"Dreuth"
"Fox Sparrow",1927,2,"Dreuth"
"Fox Sparrow",1928,6,"Dreuth"
"Fox Sparrow",1929,18,"Dreuth"
"Fox Sparrow",1930,23,"Dreuth"
"Fox Sparrow",1931,9,"Dreuth"
"Fox Sparrow",1932,13,"Dreuth"
"Glaucous Gull",1928,1,"Dreuth"
"Golden-crowned Kinglet",1927,2,"Dreuth"
"Golden-crowned Kinglet",1928,4,"Dreuth"
"Golden-crowned Kinglet",1929,18,"Dreuth"
"Golden-crowned Kinglet",1930,13,"Dreuth"
"Golden-crowned Kinglet",1931,22,"Dreuth"
"Golden-crowned Kinglet",1932,4,"Dreuth"
"Golden-winged Warbler",1930,1,"Dreuth"
"Golden-winged Warbler",1931,1,"Dreuth"
"Grasshopper Sparrow",1927,1,"Dreuth"
"Grasshopper Sparrow",1929,1,"Dreuth"
"Grasshopper Sparrow",1930,6,"Dreuth"
"Grasshopper Sparrow",1931,2,"Dreuth"
"Grasshopper Sparrow",1932,6,"Dreuth"
"Gray Catbird",1927,3,"Dreuth"
"Gray Catbird",1928,20,"Dreuth"
"Gray Catbird",1929,21,"Dreuth"
"Gray Catbird",1930,20,"Dreuth"
"Gray Catbird",1931,15,"Dreuth"
"Gray Catbird",1932,23,"Dreuth"
"Gray-cheeked Thrush",1927,3,"Dreuth"
"Gray-cheeked Thrush",1928,27,"Dreuth"
"Gray-cheeked Thrush",1929,23,"Dreuth"
"Gray-cheeked Thrush",1930,20,"Dreuth"
"Gray-cheeked Thrush",1931,11,"Dreuth"
"Gray-cheeked Thrush",1932,17,"Dreuth"
"Great Crested Flycatcher",1928,3,"Dreuth"
"Great Crested Flycatcher",1929,7,"Dreuth"
"Great Crested Flycatcher",1930,8,"Dreuth"
"Great Crested Flycatcher",1931,6,"Dreuth"
"Great Crested Flycatcher",1932,9,"Dreuth"
"Greater Scaup",1932,1,"Dreuth"
"Green Heron",1927,2,"Dreuth"
"Green Heron",1928,6,"Dreuth"
"Green Heron",1929,6,"Dreuth"
"Green Heron",1930,9,"Dreuth"
"Green Heron",1931,5,"Dreuth"
"Green Heron",1932,12,"Dreuth"
"Harris's Sparrow",1930,7,"Dreuth"
"Harris's Sparrow",1931,4,"Dreuth"
"Henslow's Sparrow",1928,1,"Dreuth"
"Henslow's Sparrow",1929,1,"Dreuth"
"Henslow's Sparrow",1930,1,"Dreuth"
"Henslow's Sparrow",1932,6,"Dreuth"
"Hermit Thrush",1928,10,"Dreuth"
"Hermit Thrush",1929,36,"Dreuth"
"Hermit Thrush",1930,22,"Dreuth"
"Hermit Thrush",1931,28,"Dreuth"
"Hermit Thrush",1932,7,"Dreuth"
"Herring Gull",1927,10,"Dreuth"
"Herring Gull",1928,31,"Dreuth"
"Herring Gull",1929,63,"Dreuth"
"Herring Gull",1930,33,"Dreuth"
"Herring Gull",1931,25,"Dreuth"
"Herring Gull",1932,41,"Dreuth"
"Hooded Merganser",1931,3,"Dreuth"
"Hooded Warbler",1931,1,"Dreuth"
"Horned Grebe",1928,2,"Dreuth"
"Horned Grebe",1929,18,"Dreuth"
"Horned Grebe",1930,3,"Dreuth"
"Horned Lark",1930,1,"Dreuth"
"Horned Lark",1931,2,"Dreuth"
"House Wren",1927,3,"Dreuth"
"House Wren",1928,7,"Dreuth"
"House Wren",1929,12,"Dreuth"
"House Wren",1930,17,"Dreuth"
"House Wren",1931,11,"Dreuth"
"House Wren",1932,12,"Dreuth"
"Indigo Bunting",1927,4,"Dreuth"
"Indigo Bunting",1928,7,"Dreuth"
"Indigo Bunting",1929,13,"Dreuth"
"Indigo Bunting",1930,11,"Dreuth"
"Indigo Bunting",1931,11,"Dreuth"
"Indigo Bunting",1932,14,"Dreuth"
"Killdeer",1928,10,"Dreuth"
"Killdeer",1929,17,"Dreuth"
"Killdeer",1930,16,"Dreuth"
"Killdeer",1931,22,"Dreuth"
"Killdeer",1932,28,"Dreuth"
"King Rail",1929,1,"Dreuth"
"King Rail",1931,1,"Dreuth"
"King Rail",1932,1,"Dreuth"
"Lapland Longspur",1930,1,"Dreuth"
"Least Flycatcher",1927,5,"Dreuth"
"Least Flycatcher",1928,19,"Dreuth"
"Least Flycatcher",1929,21,"Dreuth"
"Least Flycatcher",1930,19,"Dreuth"
"Least Flycatcher",1931,16,"Dreuth"
"Least Flycatcher",1932,19,"Dreuth"
"LeConte's Sparrow",1932,1,"Dreuth"
"Lesser Scaup",1927,7,"Dreuth"
"Lesser Scaup",1928,5,"Dreuth"
"Lesser Scaup",1929,26,"Dreuth"
"Lesser Scaup",1930,13,"Dreuth"
"Lesser Scaup",1931,16,"Dreuth"
"Lesser Scaup",1932,4,"Dreuth"
"Lincoln's Sparrow",1927,3,"Dreuth"
"Lincoln's Sparrow",1928,25,"Dreuth"
"Lincoln's Sparrow",1929,22,"Dreuth"
"Lincoln's Sparrow",1930,9,"Dreuth"
"Lincoln's Sparrow",1931,9,"Dreuth"
"Lincoln's Sparrow",1932,13,"Dreuth"
"Long-tailed Duck",1927,7,"Dreuth"
"Long-tailed Duck",1928,9,"Dreuth"
"Long-tailed Duck",1929,25,"Dreuth"
"Long-tailed Duck",1930,34,"Dreuth"
"Long-tailed Duck",1931,40,"Dreuth"
"Long-tailed Duck",1932,2,"Dreuth"
"Magnolia Warbler",1927,4,"Dreuth"
"Magnolia Warbler",1928,21,"Dreuth"
"Magnolia Warbler",1929,18,"Dreuth"
"Magnolia Warbler",1930,21,"Dreuth"
"Magnolia Warbler",1931,13,"Dreuth"
"Magnolia Warbler",1932,20,"Dreuth"
"Marsh Wren",1928,2,"Dreuth"
"Marsh Wren",1929,4,"Dreuth"
"Marsh Wren",1930,2,"Dreuth"
"Marsh Wren",1931,1,"Dreuth"
"Marsh Wren",1932,1,"Dreuth"
"Mourning Dove",1928,2,"Dreuth"
"Mourning Dove",1929,9,"Dreuth"
"Mourning Dove",1930,3,"Dreuth"
"Mourning Dove",1931,2,"Dreuth"
"Mourning Dove",1932,5,"Dreuth"
"Mourning Warbler",1927,2,"Dreuth"
"Mourning Warbler",1928,7,"Dreuth"
"Mourning Warbler",1929,9,"Dreuth"
"Mourning Warbler",1930,7,"Dreuth"
"Mourning Warbler",1931,9,"Dreuth"
"Mourning Warbler",1932,11,"Dreuth"
"Nashville Warbler",1927,3,"Dreuth"
"Nashville Warbler",1928,16,"Dreuth"
"Nashville Warbler",1929,17,"Dreuth"
"Nashville Warbler",1930,4,"Dreuth"
"Nashville Warbler",1931,10,"Dreuth"
"Nashville Warbler",1932,10,"Dreuth"
"Northern Cardinal",1927,3,"Dreuth"
"Northern Cardinal",1928,5,"Dreuth"
"Northern Cardinal",1929,1,"Dreuth"
"Northern Cardinal",1930,6,"Dreuth"
"Northern Cardinal",1932,1,"Dreuth"
"Northern Flicker",1928,36,"Dreuth"
"Northern Flicker",1929,55,"Dreuth"
"Northern Flicker",1930,53,"Dreuth"
"Northern Flicker",1931,45,"Dreuth"
"Northern Flicker",1932,59,"Dreuth"
"Northern Mockingbird",1929,1,"Dreuth"
"Northern Parula",1928,2,"Dreuth"
"Northern Parula",1929,6,"Dreuth"
"Northern Parula",1930,1,"Dreuth"
"Northern Parula",1931,4,"Dreuth"
"Northern Parula",1932,2,"Dreuth"
"Northern Rough-winged Swallow",1929,2,"Dreuth"
"Northern Rough-winged Swallow",1931,1,"Dreuth"
"Northern Rough-winged Swallow",1932,1,"Dreuth"
"Northern Shoveler",1931,1,"Dreuth"
"Northern Shoveler",1932,1,"Dreuth"
"Northern Waterthrush",1927,3,"Dreuth"
"Northern Waterthrush",1928,18,"Dreuth"
"Northern Waterthrush",1929,14,"Dreuth"
"Northern Waterthrush",1930,20,"Dreuth"
"Northern Waterthrush",1931,11,"Dreuth"
"Northern Waterthrush",1932,17,"Dreuth"
"Olive-sided Flycatcher",1927,2,"Dreuth"
"Olive-sided Flycatcher",1929,2,"Dreuth"
"Orange-crowned Warbler",1927,1,"Dreuth"
"Orange-crowned Warbler",1928,8,"Dreuth"
"Orange-crowned Warbler",1929,5,"Dreuth"
"Orange-crowned Warbler",1930,2,"Dreuth"
"Orange-crowned Warbler",1931,3,"Dreuth"
"Orange-crowned Warbler",1932,7,"Dreuth"
"Orchard Oriole",1929,4,"Dreuth"
"Ovenbird",1927,1,"Dreuth"
"Ovenbird",1928,18,"Dreuth"
"Ovenbird",1929,15,"Dreuth"
"Ovenbird",1930,12,"Dreuth"
"Ovenbird",1931,13,"Dreuth"
"Ovenbird",1932,14,"Dreuth"
"Palm Warbler",1927,5,"Dreuth"
"Palm Warbler",1928,20,"Dreuth"
"Palm Warbler",1929,33,"Dreuth"
"Palm Warbler",1930,24,"Dreuth"
"Palm Warbler",1931,21,"Dreuth"
"Palm Warbler",1932,17,"Dreuth"
"Philadelphia Vireo",1927,1,"Dreuth"
"Philadelphia Vireo",1928,4,"Dreuth"
"Philadelphia Vireo",1929,5,"Dreuth"
"Philadelphia Vireo",1930,4,"Dreuth"
"Philadelphia Vireo",1931,3,"Dreuth"
"Philadelphia Vireo",1932,5,"Dreuth"
"Pied-billed Grebe",1928,4,"Dreuth"
"Pied-billed Grebe",1929,1,"Dreuth"
"Pied-billed Grebe",1930,12,"Dreuth"
"Pied-billed Grebe",1931,11,"Dreuth"
"Pine Warbler",1928,3,"Dreuth"
"Pine Warbler",1929,1,"Dreuth"
"Pine Warbler",1932,3,"Dreuth"
"Prairie Warbler",1929,1,"Dreuth"
"Prairie Warbler",1932,1,"Dreuth"
"Prothonotary Warbler",1928,2,"Dreuth"
"Prothonotary Warbler",1930,1,"Dreuth"
"Purple Finch",1927,1,"Dreuth"
"Purple Finch",1928,5,"Dreuth"
"Purple Finch",1929,13,"Dreuth"
"Purple Finch",1930,3,"Dreuth"
"Purple Finch",1931,8,"Dreuth"
"Purple Finch",1932,4,"Dreuth"
"Purple Martin",1927,7,"Dreuth"
"Purple Martin",1928,32,"Dreuth"
"Purple Martin",1929,39,"Dreuth"
"Purple Martin",1930,37,"Dreuth"
"Purple Martin",1931,28,"Dreuth"
"Purple Martin",1932,46,"Dreuth"
"Red-bellied Woodpecker",1932,1,"Dreuth"
"Red-breasted Merganser",1927,8,"Dreuth"
"Red-breasted Merganser",1928,6,"Dreuth"
"Red-breasted Merganser",1929,32,"Dreuth"
"Red-breasted Merganser",1930,30,"Dreuth"
"Red-breasted Merganser",1931,5,"Dreuth"
"Red-breasted Merganser",1932,22,"Dreuth"
"Red-breasted Nuthatch",1927,1,"Dreuth"
"Red-breasted Nuthatch",1928,1,"Dreuth"
"Red-breasted Nuthatch",1929,1,"Dreuth"
"Red-breasted Nuthatch",1930,3,"Dreuth"
"Red-breasted Nuthatch",1931,3,"Dreuth"
"Red-breasted Nuthatch",1932,17,"Dreuth"
"Red-eyed Vireo",1927,2,"Dreuth"
"Red-eyed Vireo",1928,2,"Dreuth"
"Red-eyed Vireo",1929,5,"Dreuth"
"Red-eyed Vireo",1930,10,"Dreuth"
"Red-eyed Vireo",1931,8,"Dreuth"
"Red-eyed Vireo",1932,9,"Dreuth"
"Red-headed Woodpecker",1928,28,"Dreuth"
"Red-headed Woodpecker",1929,28,"Dreuth"
"Red-headed Woodpecker",1930,16,"Dreuth"
"Red-headed Woodpecker",1931,25,"Dreuth"
"Red-headed Woodpecker",1932,26,"Dreuth"
"Red-throated Loon",1928,1,"Dreuth"
"Red-throated Loon",1931,2,"Dreuth"
"Red-winged Blackbird",1927,7,"Dreuth"
"Red-winged Blackbird",1928,21,"Dreuth"
"Red-winged Blackbird",1929,38,"Dreuth"
"Red-winged Blackbird",1930,40,"Dreuth"
"Red-winged Blackbird",1931,59,"Dreuth"
"Red-winged Blackbird",1932,50,"Dreuth"
"Redhead",1928,2,"Dreuth"
"Redhead",1929,1,"Dreuth"
"Redhead",1932,2,"Dreuth"
"Ring-billed Gull",1928,1,"Dreuth"
"Ring-billed Gull",1930,2,"Dreuth"
"Ring-billed Gull",1932,1,"Dreuth"
"Ring-necked Duck",1931,2,"Dreuth"
"Rose-breasted Grosbeak",1927,3,"Dreuth"
"Rose-breasted Grosbeak",1928,10,"Dreuth"
"Rose-breasted Grosbeak",1929,11,"Dreuth"
"Rose-breasted Grosbeak",1930,4,"Dreuth"
"Rose-breasted Grosbeak",1931,4,"Dreuth"
"Rose-breasted Grosbeak",1932,4,"Dreuth"
"Ruby-crowned Kinglet",1927,3,"Dreuth"
"Ruby-crowned Kinglet",1928,13,"Dreuth"
"Ruby-crowned Kinglet",1929,38,"Dreuth"
"Ruby-crowned Kinglet",1930,23,"Dreuth"
"Ruby-crowned Kinglet",1931,14,"Dreuth"
"Ruby-crowned Kinglet",1932,26,"Dreuth"
"Ruby-throated Hummingbird",1928,2,"Dreuth"
"Ruby-throated Hummingbird",1929,6,"Dreuth"
"Ruby-throated Hummingbird",1930,4,"Dreuth"
"Ruby-throated Hummingbird",1931,2,"Dreuth"
"Ruby-throated Hummingbird",1932,2,"Dreuth"
"Ruddy Duck",1928,1,"Dreuth"
"Ruddy Duck",1929,1,"Dreuth"
"Rusty Blackbird",1927,1,"Dreuth"
"Rusty Blackbird",1929,7,"Dreuth"
"Rusty Blackbird",1930,5,"Dreuth"
"Rusty Blackbird",1931,5,"Dreuth"
"Rusty Blackbird",1932,1,"Dreuth"
"Sanderling",1929,1,"Dreuth"
"Sanderling",1930,1,"Dreuth"
"Savannah Sparrow",1927,1,"Dreuth"
"Savannah Sparrow",1928,6,"Dreuth"
"Savannah Sparrow",1929,9,"Dreuth"
"Savannah Sparrow",1930,18,"Dreuth"
"Savannah Sparrow",1931,19,"Dreuth"
"Savannah Sparrow",1932,13,"Dreuth"
"Scarlet Tanager",1927,2,"Dreuth"
"Scarlet Tanager",1928,6,"Dreuth"
"Scarlet Tanager",1929,4,"Dreuth"
"Scarlet Tanager",1930,10,"Dreuth"
"Scarlet Tanager",1931,9,"Dreuth"
"Scarlet Tanager",1932,8,"Dreuth"
"Sharp-shinned Hawk",1931,1,"Dreuth"
"Solitary Sandpiper",1928,1,"Dreuth"
"Solitary Sandpiper",1929,1,"Dreuth"
"Solitary Sandpiper",1930,2,"Dreuth"
"Solitary Sandpiper",1931,1,"Dreuth"
"Solitary Sandpiper",1932,5,"Dreuth"
"Song Sparrow",1927,9,"Dreuth"
"Song Sparrow",1928,10,"Dreuth"
"Song Sparrow",1929,34,"Dreuth"
"Song Sparrow",1930,28,"Dreuth"
"Song Sparrow",1931,31,"Dreuth"
"Song Sparrow",1932,31,"Dreuth"
"Sora",1927,2,"Dreuth"
"Sora",1929,4,"Dreuth"
"Sora",1930,7,"Dreuth"
"Sora",1931,1,"Dreuth"
"Sora",1932,7,"Dreuth"
"Spotted Sandpiper",1928,22,"Dreuth"
"Spotted Sandpiper",1929,14,"Dreuth"
"Spotted Sandpiper",1930,22,"Dreuth"
"Spotted Sandpiper",1931,15,"Dreuth"
"Spotted Sandpiper",1932,14,"Dreuth"
"Summer Tanager",1931,1,"Dreuth"
"Swainson's Thrush",1927,5,"Dreuth"
"Swainson's Thrush",1928,28,"Dreuth"
"Swainson's Thrush",1929,32,"Dreuth"
"Swainson's Thrush",1930,25,"Dreuth"
"Swainson's Thrush",1931,14,"Dreuth"
"Swainson's Thrush",1932,27,"Dreuth"
"Swamp Sparrow",1927,6,"Dreuth"
"Swamp Sparrow",1928,15,"Dreuth"
"Swamp Sparrow",1929,36,"Dreuth"
"Swamp Sparrow",1930,18,"Dreuth"
"Swamp Sparrow",1931,27,"Dreuth"
"Swamp Sparrow",1932,24,"Dreuth"
"Tennessee Warbler",1927,1,"Dreuth"
"Tennessee Warbler",1928,3,"Dreuth"
"Tennessee Warbler",1929,3,"Dreuth"
"Tennessee Warbler",1930,4,"Dreuth"
"Tennessee Warbler",1931,7,"Dreuth"
"Tennessee Warbler",1932,3,"Dreuth"
"Tree Swallow",1929,2,"Dreuth"
"Tree Swallow",1931,2,"Dreuth"
"Tree Swallow",1932,3,"Dreuth"
"Veery",1927,2,"Dreuth"
"Veery",1928,17,"Dreuth"
"Veery",1929,13,"Dreuth"
"Veery",1930,10,"Dreuth"
"Veery",1931,11,"Dreuth"
"Veery",1932,2,"Dreuth"
"Vesper Sparrow",1927,1,"Dreuth"
"Vesper Sparrow",1929,2,"Dreuth"
"Vesper Sparrow",1930,5,"Dreuth"
"Vesper Sparrow",1931,4,"Dreuth"
"Vesper Sparrow",1932,8,"Dreuth"
"Virginia Rail",1930,1,"Dreuth"
"Warbling Vireo",1927,2,"Dreuth"
"Warbling Vireo",1928,3,"Dreuth"
"Warbling Vireo",1929,1,"Dreuth"
"Warbling Vireo",1930,3,"Dreuth"
"Warbling Vireo",1931,4,"Dreuth"
"Warbling Vireo",1932,8,"Dreuth"
"White-breasted Nuthatch",1928,1,"Dreuth"
"White-breasted Nuthatch",1930,11,"Dreuth"
"White-crowned Sparrow",1927,2,"Dreuth"
"White-crowned Sparrow",1928,15,"Dreuth"
"White-crowned Sparrow",1929,21,"Dreuth"
"White-crowned Sparrow",1930,22,"Dreuth"
"White-crowned Sparrow",1931,17,"Dreuth"
"White-crowned Sparrow",1932,15,"Dreuth"
"White-throated Sparrow",1927,9,"Dreuth"
"White-throated Sparrow",1928,26,"Dreuth"
"White-throated Sparrow",1929,41,"Dreuth"
"White-throated Sparrow",1930,36,"Dreuth"
"White-throated Sparrow",1931,31,"Dreuth"
"White-throated Sparrow",1932,30,"Dreuth"
"Wilson's Snipe",1930,1,"Dreuth"
"Wilson's Snipe",1931,3,"Dreuth"
"Wilson's Snipe",1932,1,"Dreuth"
"Wilson's Warbler",1927,4,"Dreuth"
"Wilson's Warbler",1928,10,"Dreuth"
"Wilson's Warbler",1929,15,"Dreuth"
"Wilson's Warbler",1930,19,"Dreuth"
"Wilson's Warbler",1931,13,"Dreuth"
"Wilson's Warbler",1932,16,"Dreuth"
"Winter Wren",1929,1,"Dreuth"
"Winter Wren",1931,1,"Dreuth"
"Winter Wren",1932,2,"Dreuth"
"Wood Thrush",1927,2,"Dreuth"
"Wood Thrush",1928,5,"Dreuth"
"Wood Thrush",1929,3,"Dreuth"
"Wood Thrush",1930,3,"Dreuth"
"Wood Thrush",1931,1,"Dreuth"
"Wood Thrush",1932,3,"Dreuth"
"Yellow-bellied Flycatcher",1927,3,"Dreuth"
"Yellow-bellied Flycatcher",1928,3,"Dreuth"
"Yellow-bellied Flycatcher",1929,5,"Dreuth"
"Yellow-bellied Flycatcher",1930,7,"Dreuth"
"Yellow-bellied Flycatcher",1931,8,"Dreuth"
"Yellow-bellied Flycatcher",1932,9,"Dreuth"
"Yellow-bellied Sapsucker",1928,7,"Dreuth"
"Yellow-bellied Sapsucker",1929,28,"Dreuth"
"Yellow-bellied Sapsucker",1930,19,"Dreuth"
"Yellow-bellied Sapsucker",1931,20,"Dreuth"
"Yellow-bellied Sapsucker",1932,16,"Dreuth"
"Yellow-billed Cuckoo",1929,2,"Dreuth"
"Yellow-billed Cuckoo",1930,1,"Dreuth"
"Yellow-billed Cuckoo",1932,4,"Dreuth"
"Yellow-breasted Chat",1928,1,"Dreuth"
"Yellow-breasted Chat",1930,1,"Dreuth"
"Yellow-headed Blackbird",1929,1,"Dreuth"
"Yellow-rumped Warbler",1927,7,"Dreuth"
"Yellow-rumped Warbler",1928,23,"Dreuth"
"Yellow-rumped Warbler",1929,35,"Dreuth"
"Yellow-rumped Warbler",1930,25,"Dreuth"
"Yellow-rumped Warbler",1931,31,"Dreuth"
"Yellow-rumped Warbler",1932,28,"Dreuth"
"Yellow-throated Vireo",1929,2,"Dreuth"
"Yellow-throated Vireo",1931,2,"Dreuth"
"Yellow Warbler",1927,3,"Dreuth"
"Yellow Warbler",1928,19,"Dreuth"
"Yellow Warbler",1929,11,"Dreuth"
"Yellow Warbler",1930,13,"Dreuth"
"Yellow Warbler",1931,20,"Dreuth"
"Yellow Warbler",1932,23,"Dreuth"
"Acadian Flycatcher",2012,0,"Fidino"
"Acadian Flycatcher",2013,1,"Fidino"
"Acadian Flycatcher",2014,0,"Fidino"
"Acadian Flycatcher",2015,0,"Fidino"
"American Black Duck",2012,0,"Fidino"
"American Black Duck",2013,7,"Fidino"
"American Black Duck",2014,1,"Fidino"
"American Black Duck",2015,2,"Fidino"
"American Coot",2012,36,"Fidino"
"American Coot",2013,29,"Fidino"
"American Coot",2014,31,"Fidino"
"American Coot",2015,29,"Fidino"
"American Crow",2012,41,"Fidino"
"American Crow",2013,67,"Fidino"
"American Crow",2014,55,"Fidino"
"American Crow",2015,47,"Fidino"
"American Goldfinch",2012,20,"Fidino"
"American Goldfinch",2013,35,"Fidino"
"American Goldfinch",2014,32,"Fidino"
"American Goldfinch",2015,25,"Fidino"
"American Kestrel",2012,1,"Fidino"
"American Kestrel",2013,2,"Fidino"
"American Kestrel",2014,0,"Fidino"
"American Kestrel",2015,3,"Fidino"
"American Pipit",2012,0,"Fidino"
"American Pipit",2013,0,"Fidino"
"American Pipit",2014,1,"Fidino"
"American Pipit",2015,0,"Fidino"
"American Redstart",2012,12,"Fidino"
"American Redstart",2013,18,"Fidino"
"American Redstart",2014,15,"Fidino"
"American Redstart",2015,12,"Fidino"
"American Robin",2012,38,"Fidino"
"American Robin",2013,58,"Fidino"
"American Robin",2014,51,"Fidino"
"American Robin",2015,42,"Fidino"
"American Tree Sparrow",2012,12,"Fidino"
"American Tree Sparrow",2013,14,"Fidino"
"American Tree Sparrow",2014,19,"Fidino"
"American Tree Sparrow",2015,2,"Fidino"
"American Wigeon",2012,0,"Fidino"
"American Wigeon",2013,1,"Fidino"
"American Wigeon",2014,0,"Fidino"
"American Wigeon",2015,0,"Fidino"
"American Woodcock",2012,1,"Fidino"
"American Woodcock",2013,1,"Fidino"
"American Woodcock",2014,2,"Fidino"
"American Woodcock",2015,0,"Fidino"
"Baltimore Oriole",2012,5,"Fidino"
"Baltimore Oriole",2013,17,"Fidino"
"Baltimore Oriole",2014,16,"Fidino"
"Baltimore Oriole",2015,12,"Fidino"
"Bank Swallow",2012,0,"Fidino"
"Bank Swallow",2013,0,"Fidino"
"Bank Swallow",2014,1,"Fidino"
"Bank Swallow",2015,0,"Fidino"
"Barn Swallow",2012,18,"Fidino"
"Barn Swallow",2013,34,"Fidino"
"Barn Swallow",2014,21,"Fidino"
"Barn Swallow",2015,16,"Fidino"
"Bay-breasted Warbler",2012,1,"Fidino"
"Bay-breasted Warbler",2013,1,"Fidino"
"Bay-breasted Warbler",2014,2,"Fidino"
"Bay-breasted Warbler",2015,0,"Fidino"
"Belted Kingfisher",2012,7,"Fidino"
"Belted Kingfisher",2013,18,"Fidino"
"Belted Kingfisher",2014,8,"Fidino"
"Belted Kingfisher",2015,6,"Fidino"
"Black-and-white Warbler",2012,5,"Fidino"
"Black-and-white Warbler",2013,20,"Fidino"
"Black-and-white Warbler",2014,14,"Fidino"
"Black-and-white Warbler",2015,6,"Fidino"
"Black-capped Chickadee",2012,18,"Fidino"
"Black-capped Chickadee",2013,58,"Fidino"
"Black-capped Chickadee",2014,50,"Fidino"
"Black-capped Chickadee",2015,43,"Fidino"
"Black-crowned Night-Heron",2012,57,"Fidino"
"Black-crowned Night-Heron",2013,67,"Fidino"
"Black-crowned Night-Heron",2014,46,"Fidino"
"Black-crowned Night-Heron",2015,31,"Fidino"
"Black-throated Blue Warbler",2012,0,"Fidino"
"Black-throated Blue Warbler",2013,1,"Fidino"
"Black-throated Blue Warbler",2014,2,"Fidino"
"Black-throated Blue Warbler",2015,3,"Fidino"
"Black-throated Green Warbler",2012,3,"Fidino"
"Black-throated Green Warbler",2013,6,"Fidino"
"Black-throated Green Warbler",2014,5,"Fidino"
"Black-throated Green Warbler",2015,6,"Fidino"
"Blackburnian Warbler",2012,3,"Fidino"
"Blackburnian Warbler",2013,5,"Fidino"
"Blackburnian Warbler",2014,6,"Fidino"
"Blackburnian Warbler",2015,3,"Fidino"
"Blackpoll Warbler",2012,7,"Fidino"
"Blackpoll Warbler",2013,9,"Fidino"
"Blackpoll Warbler",2014,5,"Fidino"
"Blackpoll Warbler",2015,5,"Fidino"
"Blue-gray Gnatcatcher",2012,7,"Fidino"
"Blue-gray Gnatcatcher",2013,18,"Fidino"
"Blue-gray Gnatcatcher",2014,18,"Fidino"
"Blue-gray Gnatcatcher",2015,16,"Fidino"
"Blue-headed Vireo",2012,0,"Fidino"
"Blue-headed Vireo",2013,3,"Fidino"
"Blue-headed Vireo",2014,3,"Fidino"
"Blue-headed Vireo",2015,1,"Fidino"
"Blue Jay",2012,4,"Fidino"
"Blue Jay",2013,16,"Fidino"
"Blue Jay",2014,13,"Fidino"
"Blue Jay",2015,4,"Fidino"
"Blue-winged Teal",2012,11,"Fidino"
"Blue-winged Teal",2013,6,"Fidino"
"Blue-winged Teal",2014,11,"Fidino"
"Blue-winged Teal",2015,5,"Fidino"
"Blue-winged Warbler",2012,0,"Fidino"
"Blue-winged Warbler",2013,0,"Fidino"
"Blue-winged Warbler",2014,0,"Fidino"
"Blue-winged Warbler",2015,2,"Fidino"
"Brewer's Blackbird",2012,0,"Fidino"
"Brewer's Blackbird",2013,2,"Fidino"
"Brewer's Blackbird",2014,0,"Fidino"
"Brewer's Blackbird",2015,0,"Fidino"
"Brown Creeper",2012,5,"Fidino"
"Brown Creeper",2013,16,"Fidino"
"Brown Creeper",2014,15,"Fidino"
"Brown Creeper",2015,13,"Fidino"
"Brown-headed Cowbird",2012,7,"Fidino"
"Brown-headed Cowbird",2013,17,"Fidino"
"Brown-headed Cowbird",2014,9,"Fidino"
"Brown-headed Cowbird",2015,8,"Fidino"
"Brown Thrasher",2012,3,"Fidino"
"Brown Thrasher",2013,22,"Fidino"
"Brown Thrasher",2014,14,"Fidino"
"Brown Thrasher",2015,11,"Fidino"
"Bufflehead",2012,1,"Fidino"
"Bufflehead",2013,25,"Fidino"
"Bufflehead",2014,15,"Fidino"
"Bufflehead",2015,3,"Fidino"
"Canada Goose",2012,57,"Fidino"
"Canada Goose",2013,67,"Fidino"
"Canada Goose",2014,55,"Fidino"
"Canada Goose",2015,48,"Fidino"
"Canada Warbler",2012,3,"Fidino"
"Canada Warbler",2013,5,"Fidino"
"Canada Warbler",2014,4,"Fidino"
"Canada Warbler",2015,3,"Fidino"
"Cape May Warbler",2012,6,"Fidino"
"Cape May Warbler",2013,5,"Fidino"
"Cape May Warbler",2014,6,"Fidino"
"Cape May Warbler",2015,2,"Fidino"
"Caspian Tern",2012,19,"Fidino"
"Caspian Tern",2013,31,"Fidino"
"Caspian Tern",2014,12,"Fidino"
"Caspian Tern",2015,6,"Fidino"
"Cedar Waxwing",2012,3,"Fidino"
"Cedar Waxwing",2013,4,"Fidino"
"Cedar Waxwing",2014,2,"Fidino"
"Cedar Waxwing",2015,1,"Fidino"
"Cerulean Warbler",2012,0,"Fidino"
"Cerulean Warbler",2013,0,"Fidino"
"Cerulean Warbler",2014,3,"Fidino"
"Cerulean Warbler",2015,0,"Fidino"
"Chestnut-sided Warbler",2012,8,"Fidino"
"Chestnut-sided Warbler",2013,11,"Fidino"
"Chestnut-sided Warbler",2014,9,"Fidino"
"Chestnut-sided Warbler",2015,5,"Fidino"
"Chimney Swift",2012,12,"Fidino"
"Chimney Swift",2013,14,"Fidino"
"Chimney Swift",2014,17,"Fidino"
"Chimney Swift",2015,11,"Fidino"
"Chipping Sparrow",2012,2,"Fidino"
"Chipping Sparrow",2013,20,"Fidino"
"Chipping Sparrow",2014,13,"Fidino"
"Chipping Sparrow",2015,11,"Fidino"
"Clay-colored Sparrow",2012,1,"Fidino"
"Clay-colored Sparrow",2013,3,"Fidino"
"Clay-colored Sparrow",2014,4,"Fidino"
"Clay-colored Sparrow",2015,3,"Fidino"
"Cliff Swallow",2012,0,"Fidino"
"Cliff Swallow",2013,0,"Fidino"
"Cliff Swallow",2014,7,"Fidino"
"Cliff Swallow",2015,0,"Fidino"
"Common Goldeneye",2012,1,"Fidino"
"Common Goldeneye",2013,22,"Fidino"
"Common Goldeneye",2014,5,"Fidino"
"Common Goldeneye",2015,3,"Fidino"
"Common Grackle",2012,39,"Fidino"
"Common Grackle",2013,57,"Fidino"
"Common Grackle",2014,50,"Fidino"
"Common Grackle",2015,40,"Fidino"
"Common Merganser",2012,0,"Fidino"
"Common Merganser",2013,0,"Fidino"
"Common Merganser",2014,6,"Fidino"
"Common Merganser",2015,0,"Fidino"
"Common Yellowthroat",2012,11,"Fidino"
"Common Yellowthroat",2013,22,"Fidino"
"Common Yellowthroat",2014,18,"Fidino"
"Common Yellowthroat",2015,13,"Fidino"
"Connecticut Warbler",2012,0,"Fidino"
"Connecticut Warbler",2013,0,"Fidino"
"Connecticut Warbler",2014,0,"Fidino"
"Connecticut Warbler",2015,1,"Fidino"
"Cooper's Hawk",2012,6,"Fidino"
"Cooper's Hawk",2013,12,"Fidino"
"Cooper's Hawk",2014,13,"Fidino"
"Cooper's Hawk",2015,6,"Fidino"
"Dark-eyed Junco",2012,10,"Fidino"
"Dark-eyed Junco",2013,41,"Fidino"
"Dark-eyed Junco",2014,35,"Fidino"
"Dark-eyed Junco",2015,31,"Fidino"
"Double-crested Cormorant",2012,2,"Fidino"
"Double-crested Cormorant",2013,2,"Fidino"
"Double-crested Cormorant",2014,2,"Fidino"
"Double-crested Cormorant",2015,1,"Fidino"
"Downy Woodpecker",2012,19,"Fidino"
"Downy Woodpecker",2013,48,"Fidino"
"Downy Woodpecker",2014,50,"Fidino"
"Downy Woodpecker",2015,33,"Fidino"
"Eastern Bluebird",2012,0,"Fidino"
"Eastern Bluebird",2013,5,"Fidino"
"Eastern Bluebird",2014,1,"Fidino"
"Eastern Bluebird",2015,0,"Fidino"
"Eastern Kingbird",2012,2,"Fidino"
"Eastern Kingbird",2013,6,"Fidino"
"Eastern Kingbird",2014,5,"Fidino"
"Eastern Kingbird",2015,2,"Fidino"
"Eastern Meadowlark",2012,3,"Fidino"
"Eastern Meadowlark",2013,2,"Fidino"
"Eastern Meadowlark",2014,1,"Fidino"
"Eastern Meadowlark",2015,3,"Fidino"
"Eastern Phoebe",2012,6,"Fidino"
"Eastern Phoebe",2013,19,"Fidino"
"Eastern Phoebe",2014,6,"Fidino"
"Eastern Phoebe",2015,7,"Fidino"
"Eastern Towhee",2012,3,"Fidino"
"Eastern Towhee",2013,16,"Fidino"
"Eastern Towhee",2014,12,"Fidino"
"Eastern Towhee",2015,10,"Fidino"
"Eastern Wood-Pewee",2012,2,"Fidino"
"Eastern Wood-Pewee",2013,12,"Fidino"
"Eastern Wood-Pewee",2014,8,"Fidino"
"Eastern Wood-Pewee",2015,7,"Fidino"
"European Starling",2012,49,"Fidino"
"European Starling",2013,64,"Fidino"
"European Starling",2014,54,"Fidino"
"European Starling",2015,46,"Fidino"
"Field Sparrow",2012,5,"Fidino"
"Field Sparrow",2013,21,"Fidino"
"Field Sparrow",2014,11,"Fidino"
"Field Sparrow",2015,4,"Fidino"
"Fox Sparrow",2012,1,"Fidino"
"Fox Sparrow",2013,16,"Fidino"
"Fox Sparrow",2014,10,"Fidino"
"Fox Sparrow",2015,9,"Fidino"
"Gadwall",2012,24,"Fidino"
"Gadwall",2013,19,"Fidino"
"Gadwall",2014,1,"Fidino"
"Gadwall",2015,5,"Fidino"
"Golden-crowned Kinglet",2012,0,"Fidino"
"Golden-crowned Kinglet",2013,8,"Fidino"
"Golden-crowned Kinglet",2014,10,"Fidino"
"Golden-crowned Kinglet",2015,8,"Fidino"
"Golden-winged Warbler",2012,0,"Fidino"
"Golden-winged Warbler",2013,1,"Fidino"
"Golden-winged Warbler",2014,1,"Fidino"
"Golden-winged Warbler",2015,0,"Fidino"
"Gray Catbird",2012,13,"Fidino"
"Gray Catbird",2013,22,"Fidino"
"Gray Catbird",2014,16,"Fidino"
"Gray Catbird",2015,11,"Fidino"
"Gray-cheeked Thrush",2012,1,"Fidino"
"Gray-cheeked Thrush",2013,8,"Fidino"
"Gray-cheeked Thrush",2014,3,"Fidino"
"Gray-cheeked Thrush",2015,1,"Fidino"
"Great Blue Heron",2012,0,"Fidino"
"Great Blue Heron",2013,1,"Fidino"
"Great Blue Heron",2014,9,"Fidino"
"Great Blue Heron",2015,2,"Fidino"
"Great Crested Flycatcher",2012,1,"Fidino"
"Great Crested Flycatcher",2013,6,"Fidino"
"Great Crested Flycatcher",2014,3,"Fidino"
"Great Crested Flycatcher",2015,5,"Fidino"
"Great Horned Owl",2012,0,"Fidino"
"Great Horned Owl",2013,0,"Fidino"
"Great Horned Owl",2014,0,"Fidino"
"Great Horned Owl",2015,1,"Fidino"
"Green Heron",2012,19,"Fidino"
"Green Heron",2013,17,"Fidino"
"Green Heron",2014,14,"Fidino"
"Green Heron",2015,13,"Fidino"
"Hairy Woodpecker",2012,1,"Fidino"
"Hairy Woodpecker",2013,11,"Fidino"
"Hairy Woodpecker",2014,3,"Fidino"
"Hairy Woodpecker",2015,1,"Fidino"
"Henslow's Sparrow",2012,0,"Fidino"
"Henslow's Sparrow",2013,0,"Fidino"
"Henslow's Sparrow",2014,0,"Fidino"
"Henslow's Sparrow",2015,1,"Fidino"
"Hermit Thrush",2012,11,"Fidino"
"Hermit Thrush",2013,19,"Fidino"
"Hermit Thrush",2014,18,"Fidino"
"Hermit Thrush",2015,12,"Fidino"
"Herring Gull",2012,1,"Fidino"
"Herring Gull",2013,22,"Fidino"
"Herring Gull",2014,29,"Fidino"
"Herring Gull",2015,0,"Fidino"
"Hooded Merganser",2012,1,"Fidino"
"Hooded Merganser",2013,22,"Fidino"
"Hooded Merganser",2014,16,"Fidino"
"Hooded Merganser",2015,7,"Fidino"
"Hooded Warbler",2012,2,"Fidino"
"Hooded Warbler",2013,1,"Fidino"
"Hooded Warbler",2014,1,"Fidino"
"Hooded Warbler",2015,1,"Fidino"
"Horned Grebe",2012,0,"Fidino"
"Horned Grebe",2013,14,"Fidino"
"Horned Grebe",2014,0,"Fidino"
"Horned Grebe",2015,0,"Fidino"
"House Finch",2012,9,"Fidino"
"House Finch",2013,23,"Fidino"
"House Finch",2014,17,"Fidino"
"House Finch",2015,15,"Fidino"
"House Sparrow",2012,51,"Fidino"
"House Sparrow",2013,67,"Fidino"
"House Sparrow",2014,56,"Fidino"
"House Sparrow",2015,48,"Fidino"
"House Wren",2012,0,"Fidino"
"House Wren",2013,21,"Fidino"
"House Wren",2014,5,"Fidino"
"House Wren",2015,3,"Fidino"
"Indigo Bunting",2012,7,"Fidino"
"Indigo Bunting",2013,6,"Fidino"
"Indigo Bunting",2014,4,"Fidino"
"Indigo Bunting",2015,4,"Fidino"
"Killdeer",2012,0,"Fidino"
"Killdeer",2013,1,"Fidino"
"Killdeer",2014,0,"Fidino"
"Killdeer",2015,0,"Fidino"
"Least Flycatcher",2012,2,"Fidino"
"Least Flycatcher",2013,7,"Fidino"
"Least Flycatcher",2014,6,"Fidino"
"Least Flycatcher",2015,6,"Fidino"
"LeConte's Sparrow",2012,0,"Fidino"
"LeConte's Sparrow",2013,1,"Fidino"
"LeConte's Sparrow",2014,1,"Fidino"
"LeConte's Sparrow",2015,0,"Fidino"
"Lesser Scaup",2012,1,"Fidino"
"Lesser Scaup",2013,32,"Fidino"
"Lesser Scaup",2014,25,"Fidino"
"Lesser Scaup",2015,12,"Fidino"
"Lincoln's Sparrow",2012,0,"Fidino"
"Lincoln's Sparrow",2013,15,"Fidino"
"Lincoln's Sparrow",2014,10,"Fidino"
"Lincoln's Sparrow",2015,13,"Fidino"
"Long-eared Owl",2012,0,"Fidino"
"Long-eared Owl",2013,0,"Fidino"
"Long-eared Owl",2014,0,"Fidino"
"Long-eared Owl",2015,1,"Fidino"
"Long-tailed Duck",2012,0,"Fidino"
"Long-tailed Duck",2013,1,"Fidino"
"Long-tailed Duck",2014,0,"Fidino"
"Long-tailed Duck",2015,0,"Fidino"
"Louisiana Waterthrush",2012,0,"Fidino"
"Louisiana Waterthrush",2013,1,"Fidino"
"Louisiana Waterthrush",2014,3,"Fidino"
"Louisiana Waterthrush",2015,0,"Fidino"
"Magnolia Warbler",2012,13,"Fidino"
"Magnolia Warbler",2013,12,"Fidino"
"Magnolia Warbler",2014,13,"Fidino"
"Magnolia Warbler",2015,6,"Fidino"
"Mallard",2012,55,"Fidino"
"Mallard",2013,67,"Fidino"
"Mallard",2014,55,"Fidino"
"Mallard",2015,48,"Fidino"
"Marsh Wren",2012,1,"Fidino"
"Marsh Wren",2013,4,"Fidino"
"Marsh Wren",2014,2,"Fidino"
"Marsh Wren",2015,0,"Fidino"
"Mourning Dove",2012,11,"Fidino"
"Mourning Dove",2013,17,"Fidino"
"Mourning Dove",2014,16,"Fidino"
"Mourning Dove",2015,6,"Fidino"
"Mourning Warbler",2012,0,"Fidino"
"Mourning Warbler",2013,6,"Fidino"
"Mourning Warbler",2014,3,"Fidino"
"Mourning Warbler",2015,2,"Fidino"
"Nashville Warbler",2012,2,"Fidino"
"Nashville Warbler",2013,15,"Fidino"
"Nashville Warbler",2014,9,"Fidino"
"Nashville Warbler",2015,2,"Fidino"
"Northern Cardinal",2012,15,"Fidino"
"Northern Cardinal",2013,64,"Fidino"
"Northern Cardinal",2014,53,"Fidino"
"Northern Cardinal",2015,47,"Fidino"
"Northern Flicker",2012,22,"Fidino"
"Northern Flicker",2013,37,"Fidino"
"Northern Flicker",2014,31,"Fidino"
"Northern Flicker",2015,21,"Fidino"
"Northern Mockingbird",2012,0,"Fidino"
"Northern Mockingbird",2013,3,"Fidino"
"Northern Mockingbird",2014,0,"Fidino"
"Northern Mockingbird",2015,0,"Fidino"
"Northern Parula",2012,0,"Fidino"
"Northern Parula",2013,4,"Fidino"
"Northern Parula",2014,2,"Fidino"
"Northern Parula",2015,7,"Fidino"
"Northern Rough-winged Swallow",2012,13,"Fidino"
"Northern Rough-winged Swallow",2013,32,"Fidino"
"Northern Rough-winged Swallow",2014,29,"Fidino"
"Northern Rough-winged Swallow",2015,23,"Fidino"
"Northern Shoveler",2012,10,"Fidino"
"Northern Shoveler",2013,19,"Fidino"
"Northern Shoveler",2014,8,"Fidino"
"Northern Shoveler",2015,0,"Fidino"
"Northern Waterthrush",2012,8,"Fidino"
"Northern Waterthrush",2013,14,"Fidino"
"Northern Waterthrush",2014,18,"Fidino"
"Northern Waterthrush",2015,9,"Fidino"
"Olive-sided Flycatcher",2012,0,"Fidino"
"Olive-sided Flycatcher",2013,1,"Fidino"
"Olive-sided Flycatcher",2014,1,"Fidino"
"Olive-sided Flycatcher",2015,1,"Fidino"
"Orange-crowned Warbler",2012,3,"Fidino"
"Orange-crowned Warbler",2013,3,"Fidino"
"Orange-crowned Warbler",2014,1,"Fidino"
"Orange-crowned Warbler",2015,0,"Fidino"
"Ovenbird",2012,3,"Fidino"
"Ovenbird",2013,10,"Fidino"
"Ovenbird",2014,5,"Fidino"
"Ovenbird",2015,2,"Fidino"
"Palm Warbler",2012,13,"Fidino"
"Palm Warbler",2013,25,"Fidino"
"Palm Warbler",2014,24,"Fidino"
"Palm Warbler",2015,15,"Fidino"
"Philadelphia Vireo",2012,1,"Fidino"
"Philadelphia Vireo",2013,3,"Fidino"
"Philadelphia Vireo",2014,2,"Fidino"
"Philadelphia Vireo",2015,0,"Fidino"
"Pied-billed Grebe",2012,16,"Fidino"
"Pied-billed Grebe",2013,11,"Fidino"
"Pied-billed Grebe",2014,6,"Fidino"
"Pied-billed Grebe",2015,12,"Fidino"
"Pine Siskin",2012,0,"Fidino"
"Pine Siskin",2013,1,"Fidino"
"Pine Siskin",2014,0,"Fidino"
"Pine Siskin",2015,1,"Fidino"
"Pine Warbler",2012,2,"Fidino"
"Pine Warbler",2013,4,"Fidino"
"Pine Warbler",2014,1,"Fidino"
"Pine Warbler",2015,0,"Fidino"
"Prothonotary Warbler",2012,0,"Fidino"
"Prothonotary Warbler",2013,1,"Fidino"
"Prothonotary Warbler",2014,0,"Fidino"
"Prothonotary Warbler",2015,2,"Fidino"
"Red-bellied Woodpecker",2012,2,"Fidino"
"Red-bellied Woodpecker",2013,17,"Fidino"
"Red-bellied Woodpecker",2014,0,"Fidino"
"Red-bellied Woodpecker",2015,14,"Fidino"
"Red-breasted Merganser",2012,0,"Fidino"
"Red-breasted Merganser",2013,18,"Fidino"
"Red-breasted Merganser",2014,32,"Fidino"
"Red-breasted Merganser",2015,4,"Fidino"
"Red-breasted Nuthatch",2012,1,"Fidino"
"Red-breasted Nuthatch",2013,19,"Fidino"
"Red-breasted Nuthatch",2014,1,"Fidino"
"Red-breasted Nuthatch",2015,0,"Fidino"
"Red-eyed Vireo",2012,2,"Fidino"
"Red-eyed Vireo",2013,3,"Fidino"
"Red-eyed Vireo",2014,6,"Fidino"
"Red-eyed Vireo",2015,7,"Fidino"
"Red-headed Woodpecker",2012,0,"Fidino"
"Red-headed Woodpecker",2013,7,"Fidino"
"Red-headed Woodpecker",2014,2,"Fidino"
"Red-headed Woodpecker",2015,0,"Fidino"
"Red-tailed Hawk",2012,0,"Fidino"
"Red-tailed Hawk",2013,0,"Fidino"
"Red-tailed Hawk",2014,1,"Fidino"
"Red-tailed Hawk",2015,0,"Fidino"
"Red-winged Blackbird",2012,53,"Fidino"
"Red-winged Blackbird",2013,64,"Fidino"
"Red-winged Blackbird",2014,55,"Fidino"
"Red-winged Blackbird",2015,43,"Fidino"
"Redhead",2012,0,"Fidino"
"Redhead",2013,8,"Fidino"
"Redhead",2014,12,"Fidino"
"Redhead",2015,13,"Fidino"
"Ring-billed Gull",2012,47,"Fidino"
"Ring-billed Gull",2013,65,"Fidino"
"Ring-billed Gull",2014,52,"Fidino"
"Ring-billed Gull",2015,44,"Fidino"
"Ring-necked Duck",2012,0,"Fidino"
"Ring-necked Duck",2013,0,"Fidino"
"Ring-necked Duck",2014,2,"Fidino"
"Ring-necked Duck",2015,0,"Fidino"
"Rock Pigeon",2012,16,"Fidino"
"Rock Pigeon",2013,65,"Fidino"
"Rock Pigeon",2014,38,"Fidino"
"Rock Pigeon",2015,40,"Fidino"
"Rose-breasted Grosbeak",2012,1,"Fidino"
"Rose-breasted Grosbeak",2013,9,"Fidino"
"Rose-breasted Grosbeak",2014,3,"Fidino"
"Rose-breasted Grosbeak",2015,5,"Fidino"
"Ruby-crowned Kinglet",2012,0,"Fidino"
"Ruby-crowned Kinglet",2013,32,"Fidino"
"Ruby-crowned Kinglet",2014,21,"Fidino"
"Ruby-crowned Kinglet",2015,25,"Fidino"
"Ruby-throated Hummingbird",2012,2,"Fidino"
"Ruby-throated Hummingbird",2013,5,"Fidino"
"Ruby-throated Hummingbird",2014,1,"Fidino"
"Ruby-throated Hummingbird",2015,0,"Fidino"
"Ruddy Duck",2012,0,"Fidino"
"Ruddy Duck",2013,0,"Fidino"
"Ruddy Duck",2014,0,"Fidino"
"Ruddy Duck",2015,2,"Fidino"
"Rusty Blackbird",2012,0,"Fidino"
"Rusty Blackbird",2013,0,"Fidino"
"Rusty Blackbird",2014,0,"Fidino"
"Rusty Blackbird",2015,1,"Fidino"
"Savannah Sparrow",2012,5,"Fidino"
"Savannah Sparrow",2013,10,"Fidino"
"Savannah Sparrow",2014,9,"Fidino"
"Savannah Sparrow",2015,4,"Fidino"
"Scarlet Tanager",2012,4,"Fidino"
"Scarlet Tanager",2013,6,"Fidino"
"Scarlet Tanager",2014,9,"Fidino"
"Scarlet Tanager",2015,2,"Fidino"
"Song Sparrow",2012,36,"Fidino"
"Song Sparrow",2013,48,"Fidino"
"Song Sparrow",2014,46,"Fidino"
"Song Sparrow",2015,40,"Fidino"
"Sora",2012,4,"Fidino"
"Sora",2013,1,"Fidino"
"Sora",2014,0,"Fidino"
"Sora",2015,0,"Fidino"
"Spotted Sandpiper",2012,3,"Fidino"
"Spotted Sandpiper",2013,3,"Fidino"
"Spotted Sandpiper",2014,9,"Fidino"
"Spotted Sandpiper",2015,1,"Fidino"
"Summer Tanager",2012,0,"Fidino"
"Summer Tanager",2013,0,"Fidino"
"Summer Tanager",2014,0,"Fidino"
"Summer Tanager",2015,1,"Fidino"
"Swainson's Thrush",2012,2,"Fidino"
"Swainson's Thrush",2013,9,"Fidino"
"Swainson's Thrush",2014,11,"Fidino"
"Swainson's Thrush",2015,12,"Fidino"
"Swamp Sparrow",2012,0,"Fidino"
"Swamp Sparrow",2013,30,"Fidino"
"Swamp Sparrow",2014,22,"Fidino"
"Swamp Sparrow",2015,19,"Fidino"
"Tennessee Warbler",2012,0,"Fidino"
"Tennessee Warbler",2013,3,"Fidino"
"Tennessee Warbler",2014,0,"Fidino"
"Tennessee Warbler",2015,0,"Fidino"
"Tree Swallow",2012,2,"Fidino"
"Tree Swallow",2013,8,"Fidino"
"Tree Swallow",2014,0,"Fidino"
"Tree Swallow",2015,4,"Fidino"
"Veery",2012,0,"Fidino"
"Veery",2013,7,"Fidino"
"Veery",2014,1,"Fidino"
"Veery",2015,4,"Fidino"
"Vesper Sparrow",2012,0,"Fidino"
"Vesper Sparrow",2013,6,"Fidino"
"Vesper Sparrow",2014,0,"Fidino"
"Vesper Sparrow",2015,2,"Fidino"
"Virginia Rail",2012,0,"Fidino"
"Virginia Rail",2013,1,"Fidino"
"Virginia Rail",2014,0,"Fidino"
"Virginia Rail",2015,0,"Fidino"
"Warbling Vireo",2012,13,"Fidino"
"Warbling Vireo",2013,15,"Fidino"
"Warbling Vireo",2014,12,"Fidino"
"Warbling Vireo",2015,9,"Fidino"
"White-breasted Nuthatch",2012,0,"Fidino"
"White-breasted Nuthatch",2013,3,"Fidino"
"White-breasted Nuthatch",2014,0,"Fidino"
"White-breasted Nuthatch",2015,1,"Fidino"
"White-crowned Sparrow",2012,14,"Fidino"
"White-crowned Sparrow",2013,22,"Fidino"
"White-crowned Sparrow",2014,18,"Fidino"
"White-crowned Sparrow",2015,12,"Fidino"
"White-throated Sparrow",2012,11,"Fidino"
"White-throated Sparrow",2013,26,"Fidino"
"White-throated Sparrow",2014,21,"Fidino"
"White-throated Sparrow",2015,18,"Fidino"
"Willow Flycatcher",2012,4,"Fidino"
"Willow Flycatcher",2013,4,"Fidino"
"Willow Flycatcher",2014,2,"Fidino"
"Willow Flycatcher",2015,7,"Fidino"
"Wilson's Warbler",2012,7,"Fidino"
"Wilson's Warbler",2013,14,"Fidino"
"Wilson's Warbler",2014,6,"Fidino"
"Wilson's Warbler",2015,8,"Fidino"
"Winter Wren",2012,0,"Fidino"
"Winter Wren",2013,3,"Fidino"
"Winter Wren",2014,0,"Fidino"
"Winter Wren",2015,1,"Fidino"
"Wood Duck",2012,37,"Fidino"
"Wood Duck",2013,60,"Fidino"
"Wood Duck",2014,45,"Fidino"
"Wood Duck",2015,39,"Fidino"
"Wood Thrush",2012,0,"Fidino"
"Wood Thrush",2013,4,"Fidino"
"Wood Thrush",2014,5,"Fidino"
"Wood Thrush",2015,2,"Fidino"
"Yellow-bellied Flycatcher",2012,1,"Fidino"
"Yellow-bellied Flycatcher",2013,4,"Fidino"
"Yellow-bellied Flycatcher",2014,8,"Fidino"
"Yellow-bellied Flycatcher",2015,4,"Fidino"
"Yellow-bellied Sapsucker",2012,0,"Fidino"
"Yellow-bellied Sapsucker",2013,11,"Fidino"
"Yellow-bellied Sapsucker",2014,12,"Fidino"
"Yellow-bellied Sapsucker",2015,18,"Fidino"
"Yellow-billed Cuckoo",2012,0,"Fidino"
"Yellow-billed Cuckoo",2013,2,"Fidino"
"Yellow-billed Cuckoo",2014,0,"Fidino"
"Yellow-billed Cuckoo",2015,0,"Fidino"
"Yellow-breasted Chat",2012,0,"Fidino"
"Yellow-breasted Chat",2013,1,"Fidino"
"Yellow-breasted Chat",2014,1,"Fidino"
"Yellow-breasted Chat",2015,0,"Fidino"
"Yellow-rumped Warbler",2012,14,"Fidino"
"Yellow-rumped Warbler",2013,33,"Fidino"
"Yellow-rumped Warbler",2014,28,"Fidino"
"Yellow-rumped Warbler",2015,17,"Fidino"
"Yellow-throated Vireo",2012,1,"Fidino"
"Yellow-throated Vireo",2013,5,"Fidino"
"Yellow-throated Vireo",2014,0,"Fidino"
"Yellow-throated Vireo",2015,1,"Fidino"
"Yellow-throated Warbler",2012,0,"Fidino"
"Yellow-throated Warbler",2013,0,"Fidino"
"Yellow-throated Warbler",2014,2,"Fidino"
"Yellow-throated Warbler",2015,0,"Fidino"
"Yellow Warbler",2012,11,"Fidino"
"Yellow Warbler",2013,22,"Fidino"
"Yellow Warbler",2014,18,"Fidino"
"Yellow Warbler",2015,14,"Fidino"
