"","CommonName","Year","DaysDetected","ob"
"1","american robin","1898",62,"Walter"
"2","bronzed grackle","1898",57,"Walter"
"3","blue jay","1898",49,"Walter"
"4","brown headed cowbird","1898",41,"Walter"
"5","dark eyed junco","1898",33,"Walter"
"6","eastern towhee","1898",35,"Walter"
"7","song sparrow","1898",27,"Walter"
"8","northern flicker","1898",29,"Walter"
"9","ruby crowned kinglet","1898",31,"Walter"
"10","white throated sparrow","1898",30,"Walter"
"11","eastern bluebird","1898",26,"Walter"
"12","veery","1898",34,"Walter"
"13","yellow bellied sapsucker","1898",23,"Walter"
"14","yellow warbler","1898",27,"Walter"
"15","belted kingfisher","1898",25,"Walter"
"16","red headed woodpecker","1898",23,"Walter"
"17","myrtle warbler","1898",19,"Walter"
"18","brown thrasher","1898",27,"Walter"
"19","brown creeper","1898",18,"Walter"
"20","gray catbird","1898",22,"Walter"
"21","golden crowned kinglet","1898",18,"Walter"
"22","chipping sparrow","1898",25,"Walter"
"23","american goldfinch","1898",21,"Walter"
"24","tree swallow","1898",13,"Walter"
"25","american redstart","1898",18,"Walter"
"26","barn swallow","1898",15,"Walter"
"27","fox sparrow","1898",11,"Walter"
"28","chimney swift","1898",16,"Walter"
"29","blue gray gnatcatcher","1898",18,"Walter"
"30","white crowned sparrow","1898",9,"Walter"
"31","palm warbler","1898",8,"Walter"
"32","hermit thrush","1898",13,"Walter"
"33","black and white creeper","1898",15,"Walter"
"34","least flycatcher","1898",18,"Walter"
"35","magnolia warbler","1898",13,"Walter"
"36","black throated blue warbler","1898",12,"Walter"
"37","olive backed thrush","1898",8,"Walter"
"38","eastern phoebe","1898",15,"Walter"
"39","baltimore oriole","1898",18,"Walter"
"40","grinnell water thrush","1898",17,"Walter"
"41","field sparrow","1898",NA,"Walter"
"42","swamp sparrow","1898",4,"Walter"
"43","american crow","1898",4,"Walter"
"44","chestnut sided warbler","1898",11,"Walter"
"45","ovenbird","1898",9,"Walter"
"46","white breasted nuthatch","1898",12,"Walter"
"47","western yellow throat","1898",18,"Walter"
"48","wood pewee","1898",12,"Walter"
"49","downy woodpecker","1898",14,"Walter"
"50","house wren","1898",1,"Walter"
"51","red eyed vireo","1898",13,"Walter"
"52","loggerhead shrike","1898",5,"Walter"
"53","indigo bunting","1898",12,"Walter"
"54","black throated green warbler","1898",4,"Walter"
"55","blackburnian warbler","1898",11,"Walter"
"56","black poll warbler","1898",6,"Walter"
"57","kingbird","1898",8,"Walter"
"58","scarlet tanager","1898",7,"Walter"
"59","ruby throated hummingbird","1898",7,"Walter"
"60","mourning dove","1898",5,"Walter"
"61","rose breasted grosbeak","1898",5,"Walter"
"62","american tree sparrow","1898",NA,"Walter"
"63","winter wren","1898",3,"Walter"
"64","eastern meadowlark","1898",3,"Walter"
"65","purple martin","1898",1,"Walter"
"66","cape may warbler","1898",3,"Walter"
"67","warbling vireo","1898",7,"Walter"
"68","mourning warbler","1898",5,"Walter"
"69","wilson black cap warbler","1898",9,"Walter"
"70","yellow billed cuckoo","1898",8,"Walter"
"71","great crested flycatcher","1898",5,"Walter"
"72","bobolink","1898",2,"Walter"
"73","canadian warbler","1898",8,"Walter"
"74","red winged blackbird","1898",4,"Walter"
"75","wood thrush","1898",8,"Walter"
"76","orchard oriole","1898",4,"Walter"
"77","red breasted nuthatch","1898",NA,"Walter"
"78","marsh hawk","1898",NA,"Walter"
"79","hairy woodpecker","1898",3,"Walter"
"80","bay breasted warbler","1898",1,"Walter"
"81","parula warbler","1898",6,"Walter"
"82","black capped chickadee","1898",3,"Walter"
"83","pine warbler","1898",NA,"Walter"
"84","henslow sparrow","1898",3,"Walter"
"85","nashville warbler","1898",1,"Walter"
"86","yellow throated vireo","1898",2,"Walter"
"87","cedar waxwing","1898",6,"Walter"
"88","purple finch","1898",4,"Walter"
"89","vesper sparrow","1898",NA,"Walter"
"90","blue headed vireo","1898",NA,"Walter"
"91","gray cheeked thrush","1898",NA,"Walter"
"92","sparrow hawk","1898",1,"Walter"
"93","yellow bellied flycatcher","1898",NA,"Walter"
"94","common nighthawk","1898",NA,"Walter"
"95","lincoln sparrow","1898",NA,"Walter"
"96","black billed cuckoo","1898",NA,"Walter"
"97","rusty blackbird","1898",NA,"Walter"
"98","yellow breasted chat","1898",NA,"Walter"
"99","long billed marsh wren","1898",1,"Walter"
"100","louisiana waterthrush","1898",NA,"Walter"
"101","prothonotary warbler","1898",NA,"Walter"
"102","savanna sparrow","1898",NA,"Walter"
"103","blue golden winged warbler","1898",1,"Walter"
"104","eastern whip poor will","1898",1,"Walter"
"105","connecticut warbler","1898",NA,"Walter"
"106","dickcissel","1898",NA,"Walter"
"107","tennessee warbler","1898",2,"Walter"
"108","northern mockingbird","1898",NA,"Walter"
"109","cerulean warbler","1898",NA,"Walter"
"110","summer tanager","1898",NA,"Walter"
"111","northern cardinal","1898",NA,"Walter"
"112","red bellied woodpecker","1898",1,"Walter"
"113","hooded warbler","1898",NA,"Walter"
"114","yellow headed blackbird","1898",NA,"Walter"
"115","american robin","1899",52,"Walter"
"116","bronzed grackle","1899",58,"Walter"
"117","blue jay","1899",58,"Walter"
"118","brown headed cowbird","1899",34,"Walter"
"119","dark eyed junco","1899",35,"Walter"
"120","eastern towhee","1899",18,"Walter"
"121","song sparrow","1899",33,"Walter"
"122","northern flicker","1899",18,"Walter"
"123","ruby crowned kinglet","1899",28,"Walter"
"124","white throated sparrow","1899",23,"Walter"
"125","eastern bluebird","1899",1,"Walter"
"126","veery","1899",35,"Walter"
"127","yellow bellied sapsucker","1899",12,"Walter"
"128","yellow warbler","1899",30,"Walter"
"129","belted kingfisher","1899",21,"Walter"
"130","red headed woodpecker","1899",23,"Walter"
"131","myrtle warbler","1899",25,"Walter"
"132","brown thrasher","1899",8,"Walter"
"133","brown creeper","1899",15,"Walter"
"134","gray catbird","1899",27,"Walter"
"135","golden crowned kinglet","1899",14,"Walter"
"136","chipping sparrow","1899",11,"Walter"
"137","american goldfinch","1899",19,"Walter"
"138","tree swallow","1899",11,"Walter"
"139","american redstart","1899",16,"Walter"
"140","barn swallow","1899",14,"Walter"
"141","fox sparrow","1899",9,"Walter"
"142","chimney swift","1899",11,"Walter"
"143","blue gray gnatcatcher","1899",16,"Walter"
"144","white crowned sparrow","1899",5,"Walter"
"145","palm warbler","1899",21,"Walter"
"146","hermit thrush","1899",9,"Walter"
"147","black and white creeper","1899",15,"Walter"
"148","least flycatcher","1899",18,"Walter"
"149","magnolia warbler","1899",13,"Walter"
"150","black throated blue warbler","1899",14,"Walter"
"151","olive backed thrush","1899",4,"Walter"
"152","eastern phoebe","1899",4,"Walter"
"153","baltimore oriole","1899",6,"Walter"
"154","grinnell water thrush","1899",6,"Walter"
"155","field sparrow","1899",2,"Walter"
"156","swamp sparrow","1899",4,"Walter"
"157","american crow","1899",11,"Walter"
"158","chestnut sided warbler","1899",6,"Walter"
"159","ovenbird","1899",11,"Walter"
"160","white breasted nuthatch","1899",6,"Walter"
"161","western yellow throat","1899",17,"Walter"
"162","wood pewee","1899",14,"Walter"
"163","downy woodpecker","1899",7,"Walter"
"164","house wren","1899",NA,"Walter"
"165","red eyed vireo","1899",10,"Walter"
"166","loggerhead shrike","1899",1,"Walter"
"167","indigo bunting","1899",17,"Walter"
"168","black throated green warbler","1899",9,"Walter"
"169","blackburnian warbler","1899",4,"Walter"
"170","black poll warbler","1899",7,"Walter"
"171","kingbird","1899",1,"Walter"
"172","scarlet tanager","1899",3,"Walter"
"173","ruby throated hummingbird","1899",9,"Walter"
"174","mourning dove","1899",3,"Walter"
"175","rose breasted grosbeak","1899",2,"Walter"
"176","american tree sparrow","1899",NA,"Walter"
"177","winter wren","1899",5,"Walter"
"178","eastern meadowlark","1899",NA,"Walter"
"179","purple martin","1899",NA,"Walter"
"180","cape may warbler","1899",2,"Walter"
"181","warbling vireo","1899",1,"Walter"
"182","mourning warbler","1899",8,"Walter"
"183","wilson black cap warbler","1899",1,"Walter"
"184","yellow billed cuckoo","1899",7,"Walter"
"185","great crested flycatcher","1899",2,"Walter"
"186","bobolink","1899",NA,"Walter"
"187","canadian warbler","1899",3,"Walter"
"188","red winged blackbird","1899",NA,"Walter"
"189","wood thrush","1899",3,"Walter"
"190","orchard oriole","1899",3,"Walter"
"191","red breasted nuthatch","1899",NA,"Walter"
"192","marsh hawk","1899",2,"Walter"
"193","hairy woodpecker","1899",1,"Walter"
"194","bay breasted warbler","1899",1,"Walter"
"195","parula warbler","1899",NA,"Walter"
"196","black capped chickadee","1899",NA,"Walter"
"197","pine warbler","1899",NA,"Walter"
"198","henslow sparrow","1899",2,"Walter"
"199","nashville warbler","1899",1,"Walter"
"200","yellow throated vireo","1899",NA,"Walter"
"201","cedar waxwing","1899",5,"Walter"
"202","purple finch","1899",NA,"Walter"
"203","vesper sparrow","1899",NA,"Walter"
"204","blue headed vireo","1899",NA,"Walter"
"205","gray cheeked thrush","1899",NA,"Walter"
"206","sparrow hawk","1899",1,"Walter"
"207","yellow bellied flycatcher","1899",NA,"Walter"
"208","common nighthawk","1899",2,"Walter"
"209","lincoln sparrow","1899",NA,"Walter"
"210","black billed cuckoo","1899",1,"Walter"
"211","rusty blackbird","1899",2,"Walter"
"212","yellow breasted chat","1899",NA,"Walter"
"213","long billed marsh wren","1899",2,"Walter"
"214","louisiana waterthrush","1899",NA,"Walter"
"215","prothonotary warbler","1899",1,"Walter"
"216","savanna sparrow","1899",NA,"Walter"
"217","blue golden winged warbler","1899",NA,"Walter"
"218","eastern whip poor will","1899",1,"Walter"
"219","connecticut warbler","1899",NA,"Walter"
"220","dickcissel","1899",NA,"Walter"
"221","tennessee warbler","1899",NA,"Walter"
"222","northern mockingbird","1899",NA,"Walter"
"223","cerulean warbler","1899",NA,"Walter"
"224","summer tanager","1899",1,"Walter"
"225","northern cardinal","1899",NA,"Walter"
"226","red bellied woodpecker","1899",NA,"Walter"
"227","hooded warbler","1899",NA,"Walter"
"228","yellow headed blackbird","1899",NA,"Walter"
"229","american robin","1900",57,"Walter"
"230","bronzed grackle","1900",57,"Walter"
"231","blue jay","1900",61,"Walter"
"232","brown headed cowbird","1900",44,"Walter"
"233","dark eyed junco","1900",32,"Walter"
"234","eastern towhee","1900",24,"Walter"
"235","song sparrow","1900",19,"Walter"
"236","northern flicker","1900",21,"Walter"
"237","ruby crowned kinglet","1900",23,"Walter"
"238","white throated sparrow","1900",23,"Walter"
"239","eastern bluebird","1900",7,"Walter"
"240","veery","1900",23,"Walter"
"241","yellow bellied sapsucker","1900",15,"Walter"
"242","yellow warbler","1900",24,"Walter"
"243","belted kingfisher","1900",24,"Walter"
"244","red headed woodpecker","1900",16,"Walter"
"245","myrtle warbler","1900",11,"Walter"
"246","brown thrasher","1900",20,"Walter"
"247","brown creeper","1900",19,"Walter"
"248","gray catbird","1900",16,"Walter"
"249","golden crowned kinglet","1900",13,"Walter"
"250","chipping sparrow","1900",11,"Walter"
"251","american goldfinch","1900",12,"Walter"
"252","tree swallow","1900",16,"Walter"
"253","american redstart","1900",19,"Walter"
"254","barn swallow","1900",10,"Walter"
"255","fox sparrow","1900",14,"Walter"
"256","chimney swift","1900",14,"Walter"
"257","blue gray gnatcatcher","1900",11,"Walter"
"258","white crowned sparrow","1900",18,"Walter"
"259","palm warbler","1900",7,"Walter"
"260","hermit thrush","1900",10,"Walter"
"261","black and white creeper","1900",11,"Walter"
"262","least flycatcher","1900",8,"Walter"
"263","magnolia warbler","1900",13,"Walter"
"264","black throated blue warbler","1900",9,"Walter"
"265","olive backed thrush","1900",14,"Walter"
"266","eastern phoebe","1900",5,"Walter"
"267","baltimore oriole","1900",10,"Walter"
"268","grinnell water thrush","1900",9,"Walter"
"269","field sparrow","1900",12,"Walter"
"270","swamp sparrow","1900",14,"Walter"
"271","american crow","1900",7,"Walter"
"272","chestnut sided warbler","1900",11,"Walter"
"273","ovenbird","1900",11,"Walter"
"274","white breasted nuthatch","1900",17,"Walter"
"275","western yellow throat","1900",10,"Walter"
"276","wood pewee","1900",9,"Walter"
"277","downy woodpecker","1900",4,"Walter"
"278","house wren","1900",10,"Walter"
"279","red eyed vireo","1900",5,"Walter"
"280","loggerhead shrike","1900",16,"Walter"
"281","indigo bunting","1900",2,"Walter"
"282","black throated green warbler","1900",4,"Walter"
"283","blackburnian warbler","1900",9,"Walter"
"284","black poll warbler","1900",8,"Walter"
"285","kingbird","1900",5,"Walter"
"286","scarlet tanager","1900",7,"Walter"
"287","ruby throated hummingbird","1900",4,"Walter"
"288","mourning dove","1900",6,"Walter"
"289","rose breasted grosbeak","1900",6,"Walter"
"290","american tree sparrow","1900",10,"Walter"
"291","winter wren","1900",11,"Walter"
"292","eastern meadowlark","1900",7,"Walter"
"293","purple martin","1900",NA,"Walter"
"294","cape may warbler","1900",9,"Walter"
"295","warbling vireo","1900",4,"Walter"
"296","mourning warbler","1900",2,"Walter"
"297","wilson black cap warbler","1900",3,"Walter"
"298","yellow billed cuckoo","1900",1,"Walter"
"299","great crested flycatcher","1900",NA,"Walter"
"300","bobolink","1900",9,"Walter"
"301","canadian warbler","1900",6,"Walter"
"302","red winged blackbird","1900",2,"Walter"
"303","wood thrush","1900",NA,"Walter"
"304","orchard oriole","1900",5,"Walter"
"305","red breasted nuthatch","1900",10,"Walter"
"306","marsh hawk","1900",1,"Walter"
"307","hairy woodpecker","1900",4,"Walter"
"308","bay breasted warbler","1900",2,"Walter"
"309","parula warbler","1900",NA,"Walter"
"310","black capped chickadee","1900",7,"Walter"
"311","pine warbler","1900",3,"Walter"
"312","henslow sparrow","1900",1,"Walter"
"313","nashville warbler","1900",4,"Walter"
"314","yellow throated vireo","1900",2,"Walter"
"315","cedar waxwing","1900",NA,"Walter"
"316","purple finch","1900",4,"Walter"
"317","vesper sparrow","1900",6,"Walter"
"318","blue headed vireo","1900",2,"Walter"
"319","gray cheeked thrush","1900",NA,"Walter"
"320","sparrow hawk","1900",NA,"Walter"
"321","yellow bellied flycatcher","1900",5,"Walter"
"322","common nighthawk","1900",1,"Walter"
"323","lincoln sparrow","1900",1,"Walter"
"324","black billed cuckoo","1900",2,"Walter"
"325","rusty blackbird","1900",NA,"Walter"
"326","yellow breasted chat","1900",NA,"Walter"
"327","long billed marsh wren","1900",NA,"Walter"
"328","louisiana waterthrush","1900",1,"Walter"
"329","prothonotary warbler","1900",NA,"Walter"
"330","savanna sparrow","1900",NA,"Walter"
"331","blue golden winged warbler","1900",1,"Walter"
"332","eastern whip poor will","1900",NA,"Walter"
"333","connecticut warbler","1900",NA,"Walter"
"334","dickcissel","1900",NA,"Walter"
"335","tennessee warbler","1900",NA,"Walter"
"336","northern mockingbird","1900",NA,"Walter"
"337","cerulean warbler","1900",1,"Walter"
"338","summer tanager","1900",NA,"Walter"
"339","northern cardinal","1900",1,"Walter"
"340","red bellied woodpecker","1900",NA,"Walter"
"341","hooded warbler","1900",NA,"Walter"
"342","yellow headed blackbird","1900",NA,"Walter"
"343","american robin","1901",69,"Walter"
"344","bronzed grackle","1901",60,"Walter"
"345","blue jay","1901",65,"Walter"
"346","brown headed cowbird","1901",44,"Walter"
"347","dark eyed junco","1901",32,"Walter"
"348","eastern towhee","1901",44,"Walter"
"349","song sparrow","1901",38,"Walter"
"350","northern flicker","1901",33,"Walter"
"351","ruby crowned kinglet","1901",30,"Walter"
"352","white throated sparrow","1901",31,"Walter"
"353","eastern bluebird","1901",31,"Walter"
"354","veery","1901",21,"Walter"
"355","yellow bellied sapsucker","1901",30,"Walter"
"356","yellow warbler","1901",18,"Walter"
"357","belted kingfisher","1901",27,"Walter"
"358","red headed woodpecker","1901",26,"Walter"
"359","myrtle warbler","1901",21,"Walter"
"360","brown thrasher","1901",21,"Walter"
"361","brown creeper","1901",14,"Walter"
"362","gray catbird","1901",17,"Walter"
"363","golden crowned kinglet","1901",26,"Walter"
"364","chipping sparrow","1901",12,"Walter"
"365","american goldfinch","1901",20,"Walter"
"366","tree swallow","1901",19,"Walter"
"367","american redstart","1901",8,"Walter"
"368","barn swallow","1901",19,"Walter"
"369","fox sparrow","1901",9,"Walter"
"370","chimney swift","1901",15,"Walter"
"371","blue gray gnatcatcher","1901",10,"Walter"
"372","white crowned sparrow","1901",22,"Walter"
"373","palm warbler","1901",11,"Walter"
"374","hermit thrush","1901",18,"Walter"
"375","black and white creeper","1901",13,"Walter"
"376","least flycatcher","1901",14,"Walter"
"377","magnolia warbler","1901",5,"Walter"
"378","black throated blue warbler","1901",13,"Walter"
"379","olive backed thrush","1901",16,"Walter"
"380","eastern phoebe","1901",16,"Walter"
"381","baltimore oriole","1901",15,"Walter"
"382","grinnell water thrush","1901",14,"Walter"
"383","field sparrow","1901",17,"Walter"
"384","swamp sparrow","1901",12,"Walter"
"385","american crow","1901",11,"Walter"
"386","chestnut sided warbler","1901",13,"Walter"
"387","ovenbird","1901",12,"Walter"
"388","white breasted nuthatch","1901",21,"Walter"
"389","western yellow throat","1901",8,"Walter"
"390","wood pewee","1901",6,"Walter"
"391","downy woodpecker","1901",8,"Walter"
"392","house wren","1901",11,"Walter"
"393","red eyed vireo","1901",6,"Walter"
"394","loggerhead shrike","1901",13,"Walter"
"395","indigo bunting","1901",6,"Walter"
"396","black throated green warbler","1901",9,"Walter"
"397","blackburnian warbler","1901",7,"Walter"
"398","black poll warbler","1901",3,"Walter"
"399","kingbird","1901",3,"Walter"
"400","scarlet tanager","1901",4,"Walter"
"401","ruby throated hummingbird","1901",3,"Walter"
"402","mourning dove","1901",10,"Walter"
"403","rose breasted grosbeak","1901",8,"Walter"
"404","american tree sparrow","1901",3,"Walter"
"405","winter wren","1901",NA,"Walter"
"406","eastern meadowlark","1901",13,"Walter"
"407","purple martin","1901",6,"Walter"
"408","cape may warbler","1901",2,"Walter"
"409","warbling vireo","1901",3,"Walter"
"410","mourning warbler","1901",4,"Walter"
"411","wilson black cap warbler","1901",2,"Walter"
"412","yellow billed cuckoo","1901",3,"Walter"
"413","great crested flycatcher","1901",1,"Walter"
"414","bobolink","1901",10,"Walter"
"415","canadian warbler","1901",4,"Walter"
"416","red winged blackbird","1901",8,"Walter"
"417","wood thrush","1901",5,"Walter"
"418","orchard oriole","1901",1,"Walter"
"419","red breasted nuthatch","1901",NA,"Walter"
"420","marsh hawk","1901",8,"Walter"
"421","hairy woodpecker","1901",NA,"Walter"
"422","bay breasted warbler","1901",1,"Walter"
"423","parula warbler","1901",2,"Walter"
"424","black capped chickadee","1901",8,"Walter"
"425","pine warbler","1901",1,"Walter"
"426","henslow sparrow","1901",2,"Walter"
"427","nashville warbler","1901",1,"Walter"
"428","yellow throated vireo","1901",2,"Walter"
"429","cedar waxwing","1901",1,"Walter"
"430","purple finch","1901",NA,"Walter"
"431","vesper sparrow","1901",NA,"Walter"
"432","blue headed vireo","1901",1,"Walter"
"433","gray cheeked thrush","1901",NA,"Walter"
"434","sparrow hawk","1901",4,"Walter"
"435","yellow bellied flycatcher","1901",NA,"Walter"
"436","common nighthawk","1901",1,"Walter"
"437","lincoln sparrow","1901",NA,"Walter"
"438","black billed cuckoo","1901",2,"Walter"
"439","rusty blackbird","1901",3,"Walter"
"440","yellow breasted chat","1901",NA,"Walter"
"441","long billed marsh wren","1901",NA,"Walter"
"442","louisiana waterthrush","1901",NA,"Walter"
"443","prothonotary warbler","1901",NA,"Walter"
"444","savanna sparrow","1901",NA,"Walter"
"445","blue golden winged warbler","1901",1,"Walter"
"446","eastern whip poor will","1901",1,"Walter"
"447","connecticut warbler","1901",NA,"Walter"
"448","dickcissel","1901",1,"Walter"
"449","tennessee warbler","1901",NA,"Walter"
"450","northern mockingbird","1901",2,"Walter"
"451","cerulean warbler","1901",NA,"Walter"
"452","summer tanager","1901",NA,"Walter"
"453","northern cardinal","1901",NA,"Walter"
"454","red bellied woodpecker","1901",NA,"Walter"
"455","hooded warbler","1901",NA,"Walter"
"456","yellow headed blackbird","1901",1,"Walter"
"457","american robin","1902",61,"Walter"
"458","bronzed grackle","1902",57,"Walter"
"459","blue jay","1902",40,"Walter"
"460","brown headed cowbird","1902",39,"Walter"
"461","dark eyed junco","1902",51,"Walter"
"462","eastern towhee","1902",45,"Walter"
"463","song sparrow","1902",37,"Walter"
"464","northern flicker","1902",37,"Walter"
"465","ruby crowned kinglet","1902",22,"Walter"
"466","white throated sparrow","1902",26,"Walter"
"467","eastern bluebird","1902",35,"Walter"
"468","veery","1902",11,"Walter"
"469","yellow bellied sapsucker","1902",27,"Walter"
"470","yellow warbler","1902",13,"Walter"
"471","belted kingfisher","1902",21,"Walter"
"472","red headed woodpecker","1902",16,"Walter"
"473","myrtle warbler","1902",22,"Walter"
"474","brown thrasher","1902",16,"Walter"
"475","brown creeper","1902",28,"Walter"
"476","gray catbird","1902",10,"Walter"
"477","golden crowned kinglet","1902",15,"Walter"
"478","chipping sparrow","1902",17,"Walter"
"479","american goldfinch","1902",5,"Walter"
"480","tree swallow","1902",13,"Walter"
"481","american redstart","1902",10,"Walter"
"482","barn swallow","1902",14,"Walter"
"483","fox sparrow","1902",27,"Walter"
"484","chimney swift","1902",11,"Walter"
"485","blue gray gnatcatcher","1902",16,"Walter"
"486","white crowned sparrow","1902",16,"Walter"
"487","palm warbler","1902",19,"Walter"
"488","hermit thrush","1902",9,"Walter"
"489","black and white creeper","1902",12,"Walter"
"490","least flycatcher","1902",7,"Walter"
"491","magnolia warbler","1902",16,"Walter"
"492","black throated blue warbler","1902",12,"Walter"
"493","olive backed thrush","1902",11,"Walter"
"494","eastern phoebe","1902",45,"Walter"
"495","baltimore oriole","1902",11,"Walter"
"496","grinnell water thrush","1902",8,"Walter"
"497","field sparrow","1902",21,"Walter"
"498","swamp sparrow","1902",17,"Walter"
"499","american crow","1902",16,"Walter"
"500","chestnut sided warbler","1902",9,"Walter"
"501","ovenbird","1902",11,"Walter"
"502","white breasted nuthatch","1902",6,"Walter"
"503","western yellow throat","1902",3,"Walter"
"504","wood pewee","1902",7,"Walter"
"505","downy woodpecker","1902",17,"Walter"
"506","house wren","1902",13,"Walter"
"507","red eyed vireo","1902",6,"Walter"
"508","loggerhead shrike","1902",7,"Walter"
"509","indigo bunting","1902",5,"Walter"
"510","black throated green warbler","1902",6,"Walter"
"511","blackburnian warbler","1902",5,"Walter"
"512","black poll warbler","1902",3,"Walter"
"513","kingbird","1902",6,"Walter"
"514","scarlet tanager","1902",3,"Walter"
"515","ruby throated hummingbird","1902",1,"Walter"
"516","mourning dove","1902",2,"Walter"
"517","rose breasted grosbeak","1902",6,"Walter"
"518","american tree sparrow","1902",12,"Walter"
"519","winter wren","1902",3,"Walter"
"520","eastern meadowlark","1902",5,"Walter"
"521","purple martin","1902",4,"Walter"
"522","cape may warbler","1902",6,"Walter"
"523","warbling vireo","1902",4,"Walter"
"524","mourning warbler","1902",4,"Walter"
"525","wilson black cap warbler","1902",5,"Walter"
"526","yellow billed cuckoo","1902",1,"Walter"
"527","great crested flycatcher","1902",10,"Walter"
"528","bobolink","1902",1,"Walter"
"529","canadian warbler","1902",1,"Walter"
"530","red winged blackbird","1902",3,"Walter"
"531","wood thrush","1902",3,"Walter"
"532","orchard oriole","1902",1,"Walter"
"533","red breasted nuthatch","1902",3,"Walter"
"534","marsh hawk","1902",5,"Walter"
"535","hairy woodpecker","1902",4,"Walter"
"536","bay breasted warbler","1902",4,"Walter"
"537","parula warbler","1902",9,"Walter"
"538","black capped chickadee","1902",NA,"Walter"
"539","pine warbler","1902",5,"Walter"
"540","henslow sparrow","1902",3,"Walter"
"541","nashville warbler","1902",NA,"Walter"
"542","yellow throated vireo","1902",3,"Walter"
"543","cedar waxwing","1902",2,"Walter"
"544","purple finch","1902",1,"Walter"
"545","vesper sparrow","1902",4,"Walter"
"546","blue headed vireo","1902",6,"Walter"
"547","gray cheeked thrush","1902",3,"Walter"
"548","sparrow hawk","1902",2,"Walter"
"549","yellow bellied flycatcher","1902",2,"Walter"
"550","common nighthawk","1902",NA,"Walter"
"551","lincoln sparrow","1902",1,"Walter"
"552","black billed cuckoo","1902",2,"Walter"
"553","rusty blackbird","1902",NA,"Walter"
"554","yellow breasted chat","1902",1,"Walter"
"555","long billed marsh wren","1902",NA,"Walter"
"556","louisiana waterthrush","1902",3,"Walter"
"557","prothonotary warbler","1902",3,"Walter"
"558","savanna sparrow","1902",NA,"Walter"
"559","blue golden winged warbler","1902",1,"Walter"
"560","eastern whip poor will","1902",NA,"Walter"
"561","connecticut warbler","1902",NA,"Walter"
"562","dickcissel","1902",2,"Walter"
"563","tennessee warbler","1902",NA,"Walter"
"564","northern mockingbird","1902",NA,"Walter"
"565","cerulean warbler","1902",1,"Walter"
"566","summer tanager","1902",NA,"Walter"
"567","northern cardinal","1902",NA,"Walter"
"568","red bellied woodpecker","1902",NA,"Walter"
"569","hooded warbler","1902",NA,"Walter"
"570","yellow headed blackbird","1902",NA,"Walter"
"571","american robin","1903",82,"Walter"
"572","bronzed grackle","1903",72,"Walter"
"573","blue jay","1903",51,"Walter"
"574","brown headed cowbird","1903",54,"Walter"
"575","dark eyed junco","1903",42,"Walter"
"576","eastern towhee","1903",48,"Walter"
"577","song sparrow","1903",36,"Walter"
"578","northern flicker","1903",46,"Walter"
"579","ruby crowned kinglet","1903",39,"Walter"
"580","white throated sparrow","1903",35,"Walter"
"581","eastern bluebird","1903",50,"Walter"
"582","veery","1903",20,"Walter"
"583","yellow bellied sapsucker","1903",34,"Walter"
"584","yellow warbler","1903",27,"Walter"
"585","belted kingfisher","1903",19,"Walter"
"586","red headed woodpecker","1903",26,"Walter"
"587","myrtle warbler","1903",31,"Walter"
"588","brown thrasher","1903",29,"Walter"
"589","brown creeper","1903",27,"Walter"
"590","gray catbird","1903",17,"Walter"
"591","golden crowned kinglet","1903",23,"Walter"
"592","chipping sparrow","1903",32,"Walter"
"593","american goldfinch","1903",18,"Walter"
"594","tree swallow","1903",22,"Walter"
"595","american redstart","1903",20,"Walter"
"596","barn swallow","1903",19,"Walter"
"597","fox sparrow","1903",21,"Walter"
"598","chimney swift","1903",22,"Walter"
"599","blue gray gnatcatcher","1903",17,"Walter"
"600","white crowned sparrow","1903",17,"Walter"
"601","palm warbler","1903",20,"Walter"
"602","hermit thrush","1903",27,"Walter"
"603","black and white creeper","1903",18,"Walter"
"604","least flycatcher","1903",18,"Walter"
"605","magnolia warbler","1903",20,"Walter"
"606","black throated blue warbler","1903",16,"Walter"
"607","olive backed thrush","1903",23,"Walter"
"608","eastern phoebe","1903",19,"Walter"
"609","baltimore oriole","1903",13,"Walter"
"610","grinnell water thrush","1903",17,"Walter"
"611","field sparrow","1903",17,"Walter"
"612","swamp sparrow","1903",17,"Walter"
"613","american crow","1903",18,"Walter"
"614","chestnut sided warbler","1903",16,"Walter"
"615","ovenbird","1903",11,"Walter"
"616","white breasted nuthatch","1903",2,"Walter"
"617","western yellow throat","1903",15,"Walter"
"618","wood pewee","1903",13,"Walter"
"619","downy woodpecker","1903",10,"Walter"
"620","house wren","1903",24,"Walter"
"621","red eyed vireo","1903",16,"Walter"
"622","loggerhead shrike","1903",13,"Walter"
"623","indigo bunting","1903",11,"Walter"
"624","black throated green warbler","1903",12,"Walter"
"625","blackburnian warbler","1903",6,"Walter"
"626","black poll warbler","1903",15,"Walter"
"627","kingbird","1903",17,"Walter"
"628","scarlet tanager","1903",10,"Walter"
"629","ruby throated hummingbird","1903",10,"Walter"
"630","mourning dove","1903",8,"Walter"
"631","rose breasted grosbeak","1903",6,"Walter"
"632","american tree sparrow","1903",8,"Walter"
"633","winter wren","1903",10,"Walter"
"634","eastern meadowlark","1903",4,"Walter"
"635","purple martin","1903",20,"Walter"
"636","cape may warbler","1903",7,"Walter"
"637","warbling vireo","1903",10,"Walter"
"638","mourning warbler","1903",5,"Walter"
"639","wilson black cap warbler","1903",8,"Walter"
"640","yellow billed cuckoo","1903",7,"Walter"
"641","great crested flycatcher","1903",9,"Walter"
"642","bobolink","1903",4,"Walter"
"643","canadian warbler","1903",4,"Walter"
"644","red winged blackbird","1903",7,"Walter"
"645","wood thrush","1903",3,"Walter"
"646","orchard oriole","1903",6,"Walter"
"647","red breasted nuthatch","1903",7,"Walter"
"648","marsh hawk","1903",4,"Walter"
"649","hairy woodpecker","1903",7,"Walter"
"650","bay breasted warbler","1903",10,"Walter"
"651","parula warbler","1903",2,"Walter"
"652","black capped chickadee","1903",NA,"Walter"
"653","pine warbler","1903",9,"Walter"
"654","henslow sparrow","1903",6,"Walter"
"655","nashville warbler","1903",9,"Walter"
"656","yellow throated vireo","1903",7,"Walter"
"657","cedar waxwing","1903",1,"Walter"
"658","purple finch","1903",5,"Walter"
"659","vesper sparrow","1903",3,"Walter"
"660","blue headed vireo","1903",4,"Walter"
"661","gray cheeked thrush","1903",10,"Walter"
"662","sparrow hawk","1903",4,"Walter"
"663","yellow bellied flycatcher","1903",4,"Walter"
"664","common nighthawk","1903",7,"Walter"
"665","lincoln sparrow","1903",8,"Walter"
"666","black billed cuckoo","1903",2,"Walter"
"667","rusty blackbird","1903",2,"Walter"
"668","yellow breasted chat","1903",6,"Walter"
"669","long billed marsh wren","1903",3,"Walter"
"670","louisiana waterthrush","1903",2,"Walter"
"671","prothonotary warbler","1903",1,"Walter"
"672","savanna sparrow","1903",5,"Walter"
"673","blue golden winged warbler","1903",NA,"Walter"
"674","eastern whip poor will","1903",1,"Walter"
"675","connecticut warbler","1903",3,"Walter"
"676","dickcissel","1903",NA,"Walter"
"677","tennessee warbler","1903",NA,"Walter"
"678","northern mockingbird","1903",NA,"Walter"
"679","cerulean warbler","1903",NA,"Walter"
"680","summer tanager","1903",NA,"Walter"
"681","northern cardinal","1903",NA,"Walter"
"682","red bellied woodpecker","1903",NA,"Walter"
"683","hooded warbler","1903",1,"Walter"
"684","yellow headed blackbird","1903",NA,"Walter"
"685","american bittern","1928",1,"Dreuth"
"686","american bittern","1930",4,"Dreuth"
"687","american bittern","1931",2,"Dreuth"
"688","american bittern","1932",4,"Dreuth"
"689","american coot","1928",1,"Dreuth"
"690","american coot","1929",4,"Dreuth"
"691","american coot","1930",4,"Dreuth"
"692","american coot","1931",10,"Dreuth"
"693","american coot","1932",1,"Dreuth"
"694","american crow","1927",3,"Dreuth"
"695","american crow","1928",3,"Dreuth"
"696","american crow","1930",10,"Dreuth"
"697","american crow","1931",5,"Dreuth"
"698","american crow","1932",8,"Dreuth"
"699","american goldfinch","1927",2,"Dreuth"
"700","american goldfinch","1928",6,"Dreuth"
"701","american goldfinch","1929",17,"Dreuth"
"702","american goldfinch","1930",10,"Dreuth"
"703","american goldfinch","1931",14,"Dreuth"
"704","american goldfinch","1932",20,"Dreuth"
"705","american kestrel","1932",1,"Dreuth"
"706","american redstart","1927",3,"Dreuth"
"707","american redstart","1928",23,"Dreuth"
"708","american redstart","1929",19,"Dreuth"
"709","american redstart","1930",23,"Dreuth"
"710","american redstart","1931",17,"Dreuth"
"711","american redstart","1932",26,"Dreuth"
"712","american robin","1927",13,"Dreuth"
"713","american robin","1928",38,"Dreuth"
"714","american robin","1929",76,"Dreuth"
"715","american robin","1930",64,"Dreuth"
"716","american robin","1931",60,"Dreuth"
"717","american robin","1932",39,"Dreuth"
"718","american tree sparrow","1927",1,"Dreuth"
"719","american tree sparrow","1928",3,"Dreuth"
"720","american tree sparrow","1929",18,"Dreuth"
"721","american tree sparrow","1930",10,"Dreuth"
"722","american tree sparrow","1931",10,"Dreuth"
"723","american tree sparrow","1932",13,"Dreuth"
"724","american wigeon","1931",1,"Dreuth"
"725","american wigeon","1932",1,"Dreuth"
"726","american woodcock","1932",4,"Dreuth"
"727","bachmans sparrow","1932",1,"Dreuth"
"728","baltimore oriole","1928",13,"Dreuth"
"729","baltimore oriole","1929",15,"Dreuth"
"730","baltimore oriole","1930",7,"Dreuth"
"731","baltimore oriole","1931",12,"Dreuth"
"732","baltimore oriole","1932",6,"Dreuth"
"733","bank swallow","1931",4,"Dreuth"
"734","bank swallow","1932",2,"Dreuth"
"735","barn swallow","1927",1,"Dreuth"
"736","barn swallow","1928",3,"Dreuth"
"737","barn swallow","1929",10,"Dreuth"
"738","barn swallow","1931",10,"Dreuth"
"739","barn swallow","1932",12,"Dreuth"
"740","bay breasted warbler","1927",2,"Dreuth"
"741","bay breasted warbler","1928",10,"Dreuth"
"742","bay breasted warbler","1929",5,"Dreuth"
"743","bay breasted warbler","1930",4,"Dreuth"
"744","bay breasted warbler","1932",6,"Dreuth"
"745","belted kingfisher","1928",7,"Dreuth"
"746","belted kingfisher","1929",12,"Dreuth"
"747","belted kingfisher","1930",12,"Dreuth"
"748","belted kingfisher","1931",28,"Dreuth"
"749","belted kingfisher","1932",20,"Dreuth"
"750","bewicks wren","1929",2,"Dreuth"
"751","bewicks wren","1932",7,"Dreuth"
"752","black and white warbler","1927",4,"Dreuth"
"753","black and white warbler","1928",17,"Dreuth"
"754","black and white warbler","1929",22,"Dreuth"
"755","black and white warbler","1930",18,"Dreuth"
"756","black and white warbler","1931",19,"Dreuth"
"757","black and white warbler","1932",18,"Dreuth"
"758","black billed cuckoo","1928",1,"Dreuth"
"759","black billed cuckoo","1929",1,"Dreuth"
"760","black billed cuckoo","1931",5,"Dreuth"
"761","black billed cuckoo","1932",7,"Dreuth"
"762","black capped chickadee","1929",1,"Dreuth"
"763","black capped chickadee","1930",1,"Dreuth"
"764","black poll warbler","1927",3,"Dreuth"
"765","black poll warbler","1928",9,"Dreuth"
"766","black poll warbler","1929",14,"Dreuth"
"767","black poll warbler","1930",11,"Dreuth"
"768","black poll warbler","1932",14,"Dreuth"
"769","black scoter","1931",1,"Dreuth"
"770","black tern","1930",3,"Dreuth"
"771","black tern","1932",6,"Dreuth"
"772","black throated blue warbler","1927",1,"Dreuth"
"773","black throated blue warbler","1928",7,"Dreuth"
"774","black throated blue warbler","1929",13,"Dreuth"
"775","black throated blue warbler","1930",7,"Dreuth"
"776","black throated blue warbler","1931",5,"Dreuth"
"777","black throated blue warbler","1932",7,"Dreuth"
"778","black throated green warbler","1927",4,"Dreuth"
"779","black throated green warbler","1928",11,"Dreuth"
"780","black throated green warbler","1929",12,"Dreuth"
"781","black throated green warbler","1930",17,"Dreuth"
"782","black throated green warbler","1931",7,"Dreuth"
"783","black throated green warbler","1932",6,"Dreuth"
"784","blackburnian warbler","1927",2,"Dreuth"
"785","blackburnian warbler","1928",6,"Dreuth"
"786","blackburnian warbler","1929",16,"Dreuth"
"787","blackburnian warbler","1930",3,"Dreuth"
"788","blackburnian warbler","1931",10,"Dreuth"
"789","blackburnian warbler","1932",9,"Dreuth"
"790","blue gray gnatcatcher","1928",4,"Dreuth"
"791","blue gray gnatcatcher","1929",5,"Dreuth"
"792","blue gray gnatcatcher","1930",3,"Dreuth"
"793","blue gray gnatcatcher","1931",8,"Dreuth"
"794","blue gray gnatcatcher","1932",2,"Dreuth"
"795","blue headed vireo","1927",2,"Dreuth"
"796","blue headed vireo","1928",8,"Dreuth"
"797","blue headed vireo","1929",11,"Dreuth"
"798","blue headed vireo","1930",3,"Dreuth"
"799","blue headed vireo","1931",6,"Dreuth"
"800","blue headed vireo","1932",7,"Dreuth"
"801","blue jay","1927",7,"Dreuth"
"802","blue jay","1928",25,"Dreuth"
"803","blue jay","1929",33,"Dreuth"
"804","blue jay","1930",27,"Dreuth"
"805","blue jay","1931",20,"Dreuth"
"806","blue jay","1932",28,"Dreuth"
"807","blue winged teal","1930",2,"Dreuth"
"808","blue winged teal","1931",8,"Dreuth"
"809","blue winged teal","1932",2,"Dreuth"
"810","bobolink","1927",1,"Dreuth"
"811","bobolink","1928",3,"Dreuth"
"812","bobolink","1929",2,"Dreuth"
"813","bobolink","1930",2,"Dreuth"
"814","bobolink","1931",2,"Dreuth"
"815","bobolink","1932",3,"Dreuth"
"816","bonapartes gull","1927",9,"Dreuth"
"817","bonapartes gull","1928",20,"Dreuth"
"818","bonapartes gull","1929",31,"Dreuth"
"819","bonapartes gull","1930",34,"Dreuth"
"820","bonapartes gull","1931",31,"Dreuth"
"821","bonapartes gull","1932",43,"Dreuth"
"822","brown creeper","1927",2,"Dreuth"
"823","brown creeper","1928",10,"Dreuth"
"824","brown creeper","1929",28,"Dreuth"
"825","brown creeper","1930",24,"Dreuth"
"826","brown creeper","1931",30,"Dreuth"
"827","brown creeper","1932",2,"Dreuth"
"828","brown headed cowbird","1927",2,"Dreuth"
"829","brown headed cowbird","1928",17,"Dreuth"
"830","brown headed cowbird","1929",18,"Dreuth"
"831","brown headed cowbird","1930",20,"Dreuth"
"832","brown headed cowbird","1931",30,"Dreuth"
"833","brown headed cowbird","1932",37,"Dreuth"
"834","brown thrasher","1927",7,"Dreuth"
"835","brown thrasher","1928",29,"Dreuth"
"836","brown thrasher","1929",37,"Dreuth"
"837","brown thrasher","1930",30,"Dreuth"
"838","brown thrasher","1931",26,"Dreuth"
"839","brown thrasher","1932",40,"Dreuth"
"840","bufflehead","1929",2,"Dreuth"
"841","bufflehead","1930",4,"Dreuth"
"842","canada goose","1931",1,"Dreuth"
"843","canadian warbler","1927",1,"Dreuth"
"844","canadian warbler","1928",11,"Dreuth"
"845","canadian warbler","1929",8,"Dreuth"
"846","canadian warbler","1930",8,"Dreuth"
"847","canadian warbler","1931",11,"Dreuth"
"848","canadian warbler","1932",13,"Dreuth"
"849","canvasback","1928",3,"Dreuth"
"850","canvasback","1932",3,"Dreuth"
"851","cape may warbler","1927",1,"Dreuth"
"852","cape may warbler","1928",10,"Dreuth"
"853","cape may warbler","1929",14,"Dreuth"
"854","cape may warbler","1930",6,"Dreuth"
"855","cape may warbler","1931",9,"Dreuth"
"856","cape may warbler","1932",6,"Dreuth"
"857","cedar waxwing","1929",2,"Dreuth"
"858","cedar waxwing","1931",14,"Dreuth"
"859","cedar waxwing","1932",24,"Dreuth"
"860","chestnut sided warbler","1927",3,"Dreuth"
"861","chestnut sided warbler","1928",16,"Dreuth"
"862","chestnut sided warbler","1929",13,"Dreuth"
"863","chestnut sided warbler","1930",11,"Dreuth"
"864","chestnut sided warbler","1931",14,"Dreuth"
"865","chestnut sided warbler","1932",16,"Dreuth"
"866","chimney swift","1928",13,"Dreuth"
"867","chimney swift","1929",9,"Dreuth"
"868","chimney swift","1930",10,"Dreuth"
"869","chimney swift","1931",8,"Dreuth"
"870","chimney swift","1932",12,"Dreuth"
"871","chipping sparrow","1927",2,"Dreuth"
"872","chipping sparrow","1928",11,"Dreuth"
"873","chipping sparrow","1929",5,"Dreuth"
"874","chipping sparrow","1930",7,"Dreuth"
"875","chipping sparrow","1931",5,"Dreuth"
"876","chipping sparrow","1932",11,"Dreuth"
"877","clay colored sparrow","1928",4,"Dreuth"
"878","clay colored sparrow","1929",6,"Dreuth"
"879","clay colored sparrow","1930",2,"Dreuth"
"880","clay colored sparrow","1931",7,"Dreuth"
"881","cliff swallow","1931",2,"Dreuth"
"882","common goldeneye","1927",6,"Dreuth"
"883","common goldeneye","1928",8,"Dreuth"
"884","common goldeneye","1929",16,"Dreuth"
"885","common goldeneye","1930",5,"Dreuth"
"886","common goldeneye","1931",5,"Dreuth"
"887","common goldeneye","1932",28,"Dreuth"
"888","common grackle","1927",14,"Dreuth"
"889","common grackle","1928",36,"Dreuth"
"890","common grackle","1929",70,"Dreuth"
"891","common grackle","1930",68,"Dreuth"
"892","common grackle","1931",60,"Dreuth"
"893","common grackle","1932",65,"Dreuth"
"894","common loon","1927",4,"Dreuth"
"895","common loon","1929",4,"Dreuth"
"896","common loon","1931",1,"Dreuth"
"897","common loon","1932",1,"Dreuth"
"898","common merganser","1927",1,"Dreuth"
"899","common merganser","1928",6,"Dreuth"
"900","common merganser","1929",1,"Dreuth"
"901","common merganser","1930",1,"Dreuth"
"902","common merganser","1932",2,"Dreuth"
"903","common nighthawk","1928",1,"Dreuth"
"904","common nighthawk","1929",1,"Dreuth"
"905","common nighthawk","1931",1,"Dreuth"
"906","common nighthawk","1932",2,"Dreuth"
"907","common tern","1927",5,"Dreuth"
"908","common tern","1928",23,"Dreuth"
"909","common tern","1929",29,"Dreuth"
"910","common tern","1930",15,"Dreuth"
"911","common tern","1931",14,"Dreuth"
"912","common tern","1932",5,"Dreuth"
"913","common yellowthroat","1927",4,"Dreuth"
"914","common yellowthroat","1928",22,"Dreuth"
"915","common yellowthroat","1929",16,"Dreuth"
"916","common yellowthroat","1930",17,"Dreuth"
"917","common yellowthroat","1931",15,"Dreuth"
"918","common yellowthroat","1932",17,"Dreuth"
"919","connecticut warbler","1928",1,"Dreuth"
"920","connecticut warbler","1929",2,"Dreuth"
"921","connecticut warbler","1930",2,"Dreuth"
"922","connecticut warbler","1931",2,"Dreuth"
"923","connecticut warbler","1932",1,"Dreuth"
"924","dark eyed junco","1927",7,"Dreuth"
"925","dark eyed junco","1928",15,"Dreuth"
"926","dark eyed junco","1929",43,"Dreuth"
"927","dark eyed junco","1930",41,"Dreuth"
"928","dark eyed junco","1931",35,"Dreuth"
"929","dark eyed junco","1932",34,"Dreuth"
"930","dickcissel","1929",1,"Dreuth"
"931","dickcissel","1930",1,"Dreuth"
"932","downy woodpecker","1928",3,"Dreuth"
"933","downy woodpecker","1929",10,"Dreuth"
"934","downy woodpecker","1930",11,"Dreuth"
"935","downy woodpecker","1931",7,"Dreuth"
"936","downy woodpecker","1932",5,"Dreuth"
"937","eastern bluebird","1927",6,"Dreuth"
"938","eastern bluebird","1928",4,"Dreuth"
"939","eastern bluebird","1929",8,"Dreuth"
"940","eastern bluebird","1930",10,"Dreuth"
"941","eastern bluebird","1931",4,"Dreuth"
"942","eastern bluebird","1932",8,"Dreuth"
"943","eastern kingbird","1928",3,"Dreuth"
"944","eastern kingbird","1929",5,"Dreuth"
"945","eastern kingbird","1930",3,"Dreuth"
"946","eastern kingbird","1931",6,"Dreuth"
"947","eastern kingbird","1932",7,"Dreuth"
"948","eastern meadowlark","1927",3,"Dreuth"
"949","eastern meadowlark","1928",6,"Dreuth"
"950","eastern meadowlark","1929",14,"Dreuth"
"951","eastern meadowlark","1930",19,"Dreuth"
"952","eastern meadowlark","1931",16,"Dreuth"
"953","eastern meadowlark","1932",17,"Dreuth"
"954","eastern phoebe","1928",7,"Dreuth"
"955","eastern phoebe","1929",14,"Dreuth"
"956","eastern phoebe","1930",10,"Dreuth"
"957","eastern phoebe","1931",8,"Dreuth"
"958","eastern phoebe","1932",18,"Dreuth"
"959","eastern screech owl","1928",1,"Dreuth"
"960","eastern screech owl","1931",2,"Dreuth"
"961","eastern towhee","1927",5,"Dreuth"
"962","eastern towhee","1928",11,"Dreuth"
"963","eastern towhee","1929",49,"Dreuth"
"964","eastern towhee","1930",23,"Dreuth"
"965","eastern towhee","1931",32,"Dreuth"
"966","eastern towhee","1932",34,"Dreuth"
"967","eastern whip poor will","1931",1,"Dreuth"
"968","eastern whip poor will","1932",4,"Dreuth"
"969","eastern wood pewee","1927",2,"Dreuth"
"970","eastern wood pewee","1928",8,"Dreuth"
"971","eastern wood pewee","1929",8,"Dreuth"
"972","eastern wood pewee","1930",7,"Dreuth"
"973","eastern wood pewee","1931",8,"Dreuth"
"974","eastern wood pewee","1932",7,"Dreuth"
"975","european starling","1930",1,"Dreuth"
"976","european starling","1931",1,"Dreuth"
"977","european starling","1932",62,"Dreuth"
"978","field sparrow","1927",5,"Dreuth"
"979","field sparrow","1928",14,"Dreuth"
"980","field sparrow","1929",22,"Dreuth"
"981","field sparrow","1930",22,"Dreuth"
"982","field sparrow","1931",25,"Dreuth"
"983","field sparrow","1932",35,"Dreuth"
"984","fox sparrow","1927",2,"Dreuth"
"985","fox sparrow","1928",6,"Dreuth"
"986","fox sparrow","1929",18,"Dreuth"
"987","fox sparrow","1930",23,"Dreuth"
"988","fox sparrow","1931",9,"Dreuth"
"989","fox sparrow","1932",13,"Dreuth"
"990","glaucous gull","1928",1,"Dreuth"
"991","golden crowned kinglet","1927",2,"Dreuth"
"992","golden crowned kinglet","1928",4,"Dreuth"
"993","golden crowned kinglet","1929",18,"Dreuth"
"994","golden crowned kinglet","1930",13,"Dreuth"
"995","golden crowned kinglet","1931",22,"Dreuth"
"996","golden crowned kinglet","1932",4,"Dreuth"
"997","golden winged warbler","1930",1,"Dreuth"
"998","golden winged warbler","1931",1,"Dreuth"
"999","grasshopper sparrow","1927",1,"Dreuth"
"1000","grasshopper sparrow","1929",1,"Dreuth"
"1001","grasshopper sparrow","1930",6,"Dreuth"
"1002","grasshopper sparrow","1931",2,"Dreuth"
"1003","grasshopper sparrow","1932",6,"Dreuth"
"1004","gray catbird","1927",3,"Dreuth"
"1005","gray catbird","1928",20,"Dreuth"
"1006","gray catbird","1929",21,"Dreuth"
"1007","gray catbird","1930",20,"Dreuth"
"1008","gray catbird","1931",15,"Dreuth"
"1009","gray catbird","1932",23,"Dreuth"
"1010","gray cheeked thrush","1927",3,"Dreuth"
"1011","gray cheeked thrush","1928",27,"Dreuth"
"1012","gray cheeked thrush","1929",23,"Dreuth"
"1013","gray cheeked thrush","1930",20,"Dreuth"
"1014","gray cheeked thrush","1931",11,"Dreuth"
"1015","gray cheeked thrush","1932",17,"Dreuth"
"1016","great crested flycatcher","1928",3,"Dreuth"
"1017","great crested flycatcher","1929",7,"Dreuth"
"1018","great crested flycatcher","1930",8,"Dreuth"
"1019","great crested flycatcher","1931",6,"Dreuth"
"1020","great crested flycatcher","1932",9,"Dreuth"
"1021","greater scaup","1932",1,"Dreuth"
"1022","green heron","1927",2,"Dreuth"
"1023","green heron","1928",6,"Dreuth"
"1024","green heron","1929",6,"Dreuth"
"1025","green heron","1930",9,"Dreuth"
"1026","green heron","1931",5,"Dreuth"
"1027","green heron","1932",12,"Dreuth"
"1028","harris sparrow","1930",7,"Dreuth"
"1029","harris sparrow","1931",4,"Dreuth"
"1030","henslows sparrow","1928",1,"Dreuth"
"1031","henslows sparrow","1929",1,"Dreuth"
"1032","henslows sparrow","1930",1,"Dreuth"
"1033","henslows sparrow","1932",6,"Dreuth"
"1034","hermit thrush","1928",10,"Dreuth"
"1035","hermit thrush","1929",36,"Dreuth"
"1036","hermit thrush","1930",22,"Dreuth"
"1037","hermit thrush","1931",28,"Dreuth"
"1038","hermit thrush","1932",7,"Dreuth"
"1039","herring gull","1927",10,"Dreuth"
"1040","herring gull","1928",31,"Dreuth"
"1041","herring gull","1929",63,"Dreuth"
"1042","herring gull","1930",33,"Dreuth"
"1043","herring gull","1931",25,"Dreuth"
"1044","herring gull","1932",41,"Dreuth"
"1045","hooded merganser","1931",3,"Dreuth"
"1046","hooded warbler","1931",1,"Dreuth"
"1047","horned grebe","1928",2,"Dreuth"
"1048","horned grebe","1929",18,"Dreuth"
"1049","horned grebe","1930",3,"Dreuth"
"1050","horned lark","1930",1,"Dreuth"
"1051","horned lark","1931",2,"Dreuth"
"1052","house wren","1927",3,"Dreuth"
"1053","house wren","1928",7,"Dreuth"
"1054","house wren","1929",12,"Dreuth"
"1055","house wren","1930",17,"Dreuth"
"1056","house wren","1931",11,"Dreuth"
"1057","house wren","1932",12,"Dreuth"
"1058","indigo bunting","1927",4,"Dreuth"
"1059","indigo bunting","1928",7,"Dreuth"
"1060","indigo bunting","1929",13,"Dreuth"
"1061","indigo bunting","1930",11,"Dreuth"
"1062","indigo bunting","1931",11,"Dreuth"
"1063","indigo bunting","1932",14,"Dreuth"
"1064","killdeer","1928",10,"Dreuth"
"1065","killdeer","1929",17,"Dreuth"
"1066","killdeer","1930",16,"Dreuth"
"1067","killdeer","1931",22,"Dreuth"
"1068","killdeer","1932",28,"Dreuth"
"1069","king rail","1929",1,"Dreuth"
"1070","king rail","1931",1,"Dreuth"
"1071","king rail","1932",1,"Dreuth"
"1072","lapland longspur","1930",1,"Dreuth"
"1073","least flycatcher","1927",5,"Dreuth"
"1074","least flycatcher","1928",19,"Dreuth"
"1075","least flycatcher","1929",21,"Dreuth"
"1076","least flycatcher","1930",19,"Dreuth"
"1077","least flycatcher","1931",16,"Dreuth"
"1078","least flycatcher","1932",19,"Dreuth"
"1079","lecontes sparrow","1932",1,"Dreuth"
"1080","lesser scaup","1927",7,"Dreuth"
"1081","lesser scaup","1928",5,"Dreuth"
"1082","lesser scaup","1929",26,"Dreuth"
"1083","lesser scaup","1930",13,"Dreuth"
"1084","lesser scaup","1931",16,"Dreuth"
"1085","lesser scaup","1932",4,"Dreuth"
"1086","lincolns sparrow","1927",3,"Dreuth"
"1087","lincolns sparrow","1928",25,"Dreuth"
"1088","lincolns sparrow","1929",22,"Dreuth"
"1089","lincolns sparrow","1930",9,"Dreuth"
"1090","lincolns sparrow","1931",9,"Dreuth"
"1091","lincolns sparrow","1932",13,"Dreuth"
"1092","long tailed duck","1927",7,"Dreuth"
"1093","long tailed duck","1928",9,"Dreuth"
"1094","long tailed duck","1929",25,"Dreuth"
"1095","long tailed duck","1930",34,"Dreuth"
"1096","long tailed duck","1931",40,"Dreuth"
"1097","long tailed duck","1932",2,"Dreuth"
"1098","magnolia warbler","1927",4,"Dreuth"
"1099","magnolia warbler","1928",21,"Dreuth"
"1100","magnolia warbler","1929",18,"Dreuth"
"1101","magnolia warbler","1930",21,"Dreuth"
"1102","magnolia warbler","1931",13,"Dreuth"
"1103","magnolia warbler","1932",20,"Dreuth"
"1104","marsh wren","1928",2,"Dreuth"
"1105","marsh wren","1929",4,"Dreuth"
"1106","marsh wren","1930",2,"Dreuth"
"1107","marsh wren","1931",1,"Dreuth"
"1108","marsh wren","1932",1,"Dreuth"
"1109","mourning dove","1928",2,"Dreuth"
"1110","mourning dove","1929",9,"Dreuth"
"1111","mourning dove","1930",3,"Dreuth"
"1112","mourning dove","1931",2,"Dreuth"
"1113","mourning dove","1932",5,"Dreuth"
"1114","mourning warbler","1927",2,"Dreuth"
"1115","mourning warbler","1928",7,"Dreuth"
"1116","mourning warbler","1929",9,"Dreuth"
"1117","mourning warbler","1930",7,"Dreuth"
"1118","mourning warbler","1931",9,"Dreuth"
"1119","mourning warbler","1932",11,"Dreuth"
"1120","nashville warbler","1927",3,"Dreuth"
"1121","nashville warbler","1928",16,"Dreuth"
"1122","nashville warbler","1929",17,"Dreuth"
"1123","nashville warbler","1930",4,"Dreuth"
"1124","nashville warbler","1931",10,"Dreuth"
"1125","nashville warbler","1932",10,"Dreuth"
"1126","northern cardinal","1927",3,"Dreuth"
"1127","northern cardinal","1928",5,"Dreuth"
"1128","northern cardinal","1929",1,"Dreuth"
"1129","northern cardinal","1930",6,"Dreuth"
"1130","northern cardinal","1932",1,"Dreuth"
"1131","northern flicker","1928",36,"Dreuth"
"1132","northern flicker","1929",55,"Dreuth"
"1133","northern flicker","1930",53,"Dreuth"
"1134","northern flicker","1931",45,"Dreuth"
"1135","northern flicker","1932",59,"Dreuth"
"1136","northern mockingbird","1929",1,"Dreuth"
"1137","northern parula","1928",2,"Dreuth"
"1138","northern parula","1929",6,"Dreuth"
"1139","northern parula","1930",1,"Dreuth"
"1140","northern parula","1931",4,"Dreuth"
"1141","northern parula","1932",2,"Dreuth"
"1142","northern rough winged swallow","1929",2,"Dreuth"
"1143","northern rough winged swallow","1931",1,"Dreuth"
"1144","northern rough winged swallow","1932",1,"Dreuth"
"1145","northern shoveler","1931",1,"Dreuth"
"1146","northern shoveler","1932",1,"Dreuth"
"1147","northern waterthrush","1927",3,"Dreuth"
"1148","northern waterthrush","1928",18,"Dreuth"
"1149","northern waterthrush","1929",14,"Dreuth"
"1150","northern waterthrush","1930",20,"Dreuth"
"1151","northern waterthrush","1931",11,"Dreuth"
"1152","northern waterthrush","1932",17,"Dreuth"
"1153","olive sided flycatcher","1927",2,"Dreuth"
"1154","olive sided flycatcher","1929",2,"Dreuth"
"1155","orange crowned warbler","1927",1,"Dreuth"
"1156","orange crowned warbler","1928",8,"Dreuth"
"1157","orange crowned warbler","1929",5,"Dreuth"
"1158","orange crowned warbler","1930",2,"Dreuth"
"1159","orange crowned warbler","1931",3,"Dreuth"
"1160","orange crowned warbler","1932",7,"Dreuth"
"1161","orchard oriole","1929",4,"Dreuth"
"1162","ovenbird","1927",1,"Dreuth"
"1163","ovenbird","1928",18,"Dreuth"
"1164","ovenbird","1929",15,"Dreuth"
"1165","ovenbird","1930",12,"Dreuth"
"1166","ovenbird","1931",13,"Dreuth"
"1167","ovenbird","1932",14,"Dreuth"
"1168","palm warbler","1927",5,"Dreuth"
"1169","palm warbler","1928",20,"Dreuth"
"1170","palm warbler","1929",33,"Dreuth"
"1171","palm warbler","1930",24,"Dreuth"
"1172","palm warbler","1931",21,"Dreuth"
"1173","palm warbler","1932",17,"Dreuth"
"1174","philadelphia vireo","1927",1,"Dreuth"
"1175","philadelphia vireo","1928",4,"Dreuth"
"1176","philadelphia vireo","1929",5,"Dreuth"
"1177","philadelphia vireo","1930",4,"Dreuth"
"1178","philadelphia vireo","1931",3,"Dreuth"
"1179","philadelphia vireo","1932",5,"Dreuth"
"1180","pied billed grebe","1928",4,"Dreuth"
"1181","pied billed grebe","1929",1,"Dreuth"
"1182","pied billed grebe","1930",12,"Dreuth"
"1183","pied billed grebe","1931",11,"Dreuth"
"1184","pine warbler","1928",3,"Dreuth"
"1185","pine warbler","1929",1,"Dreuth"
"1186","pine warbler","1932",3,"Dreuth"
"1187","prairie warbler","1929",1,"Dreuth"
"1188","prairie warbler","1932",1,"Dreuth"
"1189","prothonotary warbler","1928",2,"Dreuth"
"1190","prothonotary warbler","1930",1,"Dreuth"
"1191","purple finch","1927",1,"Dreuth"
"1192","purple finch","1928",5,"Dreuth"
"1193","purple finch","1929",13,"Dreuth"
"1194","purple finch","1930",3,"Dreuth"
"1195","purple finch","1931",8,"Dreuth"
"1196","purple finch","1932",4,"Dreuth"
"1197","purple martin","1927",7,"Dreuth"
"1198","purple martin","1928",32,"Dreuth"
"1199","purple martin","1929",39,"Dreuth"
"1200","purple martin","1930",37,"Dreuth"
"1201","purple martin","1931",28,"Dreuth"
"1202","purple martin","1932",46,"Dreuth"
"1203","red bellied woodpecker","1932",1,"Dreuth"
"1204","red breasted merganser","1927",8,"Dreuth"
"1205","red breasted merganser","1928",6,"Dreuth"
"1206","red breasted merganser","1929",32,"Dreuth"
"1207","red breasted merganser","1930",30,"Dreuth"
"1208","red breasted merganser","1931",5,"Dreuth"
"1209","red breasted merganser","1932",22,"Dreuth"
"1210","red breasted nuthatch","1927",1,"Dreuth"
"1211","red breasted nuthatch","1928",1,"Dreuth"
"1212","red breasted nuthatch","1929",1,"Dreuth"
"1213","red breasted nuthatch","1930",3,"Dreuth"
"1214","red breasted nuthatch","1931",3,"Dreuth"
"1215","red breasted nuthatch","1932",17,"Dreuth"
"1216","red eyed vireo","1927",2,"Dreuth"
"1217","red eyed vireo","1928",2,"Dreuth"
"1218","red eyed vireo","1929",5,"Dreuth"
"1219","red eyed vireo","1930",10,"Dreuth"
"1220","red eyed vireo","1931",8,"Dreuth"
"1221","red eyed vireo","1932",9,"Dreuth"
"1222","red headed woodpecker","1928",28,"Dreuth"
"1223","red headed woodpecker","1929",28,"Dreuth"
"1224","red headed woodpecker","1930",16,"Dreuth"
"1225","red headed woodpecker","1931",25,"Dreuth"
"1226","red headed woodpecker","1932",26,"Dreuth"
"1227","red throated loon","1928",1,"Dreuth"
"1228","red throated loon","1931",2,"Dreuth"
"1229","red winged blackbird","1927",7,"Dreuth"
"1230","red winged blackbird","1928",21,"Dreuth"
"1231","red winged blackbird","1929",38,"Dreuth"
"1232","red winged blackbird","1930",40,"Dreuth"
"1233","red winged blackbird","1931",59,"Dreuth"
"1234","red winged blackbird","1932",50,"Dreuth"
"1235","redhead","1928",2,"Dreuth"
"1236","redhead","1929",1,"Dreuth"
"1237","redhead","1932",2,"Dreuth"
"1238","ring billed gull","1928",1,"Dreuth"
"1239","ring billed gull","1930",2,"Dreuth"
"1240","ring billed gull","1932",1,"Dreuth"
"1241","ring necked duck","1931",2,"Dreuth"
"1242","rose breasted grosbeak","1927",3,"Dreuth"
"1243","rose breasted grosbeak","1928",10,"Dreuth"
"1244","rose breasted grosbeak","1929",11,"Dreuth"
"1245","rose breasted grosbeak","1930",4,"Dreuth"
"1246","rose breasted grosbeak","1931",4,"Dreuth"
"1247","rose breasted grosbeak","1932",4,"Dreuth"
"1248","ruby crowned kinglet","1927",3,"Dreuth"
"1249","ruby crowned kinglet","1928",13,"Dreuth"
"1250","ruby crowned kinglet","1929",38,"Dreuth"
"1251","ruby crowned kinglet","1930",23,"Dreuth"
"1252","ruby crowned kinglet","1931",14,"Dreuth"
"1253","ruby crowned kinglet","1932",26,"Dreuth"
"1254","ruby throated hummingbird","1928",2,"Dreuth"
"1255","ruby throated hummingbird","1929",6,"Dreuth"
"1256","ruby throated hummingbird","1930",4,"Dreuth"
"1257","ruby throated hummingbird","1931",2,"Dreuth"
"1258","ruby throated hummingbird","1932",2,"Dreuth"
"1259","ruddy duck","1928",1,"Dreuth"
"1260","ruddy duck","1929",1,"Dreuth"
"1261","rusty blackbird","1927",1,"Dreuth"
"1262","rusty blackbird","1929",7,"Dreuth"
"1263","rusty blackbird","1930",5,"Dreuth"
"1264","rusty blackbird","1931",5,"Dreuth"
"1265","rusty blackbird","1932",1,"Dreuth"
"1266","sanderling","1929",1,"Dreuth"
"1267","sanderling","1930",1,"Dreuth"
"1268","savanna sparrow","1927",1,"Dreuth"
"1269","savanna sparrow","1928",6,"Dreuth"
"1270","savanna sparrow","1929",9,"Dreuth"
"1271","savanna sparrow","1930",18,"Dreuth"
"1272","savanna sparrow","1931",19,"Dreuth"
"1273","savanna sparrow","1932",13,"Dreuth"
"1274","scarlet tanager","1927",2,"Dreuth"
"1275","scarlet tanager","1928",6,"Dreuth"
"1276","scarlet tanager","1929",4,"Dreuth"
"1277","scarlet tanager","1930",10,"Dreuth"
"1278","scarlet tanager","1931",9,"Dreuth"
"1279","scarlet tanager","1932",8,"Dreuth"
"1280","sharp shinned hawk","1931",1,"Dreuth"
"1281","solitary sandpiper","1928",1,"Dreuth"
"1282","solitary sandpiper","1929",1,"Dreuth"
"1283","solitary sandpiper","1930",2,"Dreuth"
"1284","solitary sandpiper","1931",1,"Dreuth"
"1285","solitary sandpiper","1932",5,"Dreuth"
"1286","song sparrow","1927",9,"Dreuth"
"1287","song sparrow","1928",10,"Dreuth"
"1288","song sparrow","1929",34,"Dreuth"
"1289","song sparrow","1930",28,"Dreuth"
"1290","song sparrow","1931",31,"Dreuth"
"1291","song sparrow","1932",31,"Dreuth"
"1292","sora","1927",2,"Dreuth"
"1293","sora","1929",4,"Dreuth"
"1294","sora","1930",7,"Dreuth"
"1295","sora","1931",1,"Dreuth"
"1296","sora","1932",7,"Dreuth"
"1297","spotted sandpiper","1928",22,"Dreuth"
"1298","spotted sandpiper","1929",14,"Dreuth"
"1299","spotted sandpiper","1930",22,"Dreuth"
"1300","spotted sandpiper","1931",15,"Dreuth"
"1301","spotted sandpiper","1932",14,"Dreuth"
"1302","summer tanager","1931",1,"Dreuth"
"1303","swainsons thrush","1927",5,"Dreuth"
"1304","swainsons thrush","1928",28,"Dreuth"
"1305","swainsons thrush","1929",32,"Dreuth"
"1306","swainsons thrush","1930",25,"Dreuth"
"1307","swainsons thrush","1931",14,"Dreuth"
"1308","swainsons thrush","1932",27,"Dreuth"
"1309","swamp sparrow","1927",6,"Dreuth"
"1310","swamp sparrow","1928",15,"Dreuth"
"1311","swamp sparrow","1929",36,"Dreuth"
"1312","swamp sparrow","1930",18,"Dreuth"
"1313","swamp sparrow","1931",27,"Dreuth"
"1314","swamp sparrow","1932",24,"Dreuth"
"1315","tennessee warbler","1927",1,"Dreuth"
"1316","tennessee warbler","1928",3,"Dreuth"
"1317","tennessee warbler","1929",3,"Dreuth"
"1318","tennessee warbler","1930",4,"Dreuth"
"1319","tennessee warbler","1931",7,"Dreuth"
"1320","tennessee warbler","1932",3,"Dreuth"
"1321","tree swallow","1929",2,"Dreuth"
"1322","tree swallow","1931",2,"Dreuth"
"1323","tree swallow","1932",3,"Dreuth"
"1324","veery","1927",2,"Dreuth"
"1325","veery","1928",17,"Dreuth"
"1326","veery","1929",13,"Dreuth"
"1327","veery","1930",10,"Dreuth"
"1328","veery","1931",11,"Dreuth"
"1329","veery","1932",2,"Dreuth"
"1330","vesper sparrow","1927",1,"Dreuth"
"1331","vesper sparrow","1929",2,"Dreuth"
"1332","vesper sparrow","1930",5,"Dreuth"
"1333","vesper sparrow","1931",4,"Dreuth"
"1334","vesper sparrow","1932",8,"Dreuth"
"1335","virginia rail","1930",1,"Dreuth"
"1336","warbling vireo","1927",2,"Dreuth"
"1337","warbling vireo","1928",3,"Dreuth"
"1338","warbling vireo","1929",1,"Dreuth"
"1339","warbling vireo","1930",3,"Dreuth"
"1340","warbling vireo","1931",4,"Dreuth"
"1341","warbling vireo","1932",8,"Dreuth"
"1342","white breasted nuthatch","1928",1,"Dreuth"
"1343","white breasted nuthatch","1930",11,"Dreuth"
"1344","white crowned sparrow","1927",2,"Dreuth"
"1345","white crowned sparrow","1928",15,"Dreuth"
"1346","white crowned sparrow","1929",21,"Dreuth"
"1347","white crowned sparrow","1930",22,"Dreuth"
"1348","white crowned sparrow","1931",17,"Dreuth"
"1349","white crowned sparrow","1932",15,"Dreuth"
"1350","white throated sparrow","1927",9,"Dreuth"
"1351","white throated sparrow","1928",26,"Dreuth"
"1352","white throated sparrow","1929",41,"Dreuth"
"1353","white throated sparrow","1930",36,"Dreuth"
"1354","white throated sparrow","1931",31,"Dreuth"
"1355","white throated sparrow","1932",30,"Dreuth"
"1356","wilsons snipe","1930",1,"Dreuth"
"1357","wilsons snipe","1931",3,"Dreuth"
"1358","wilsons snipe","1932",1,"Dreuth"
"1359","wilsons warbler","1927",4,"Dreuth"
"1360","wilsons warbler","1928",10,"Dreuth"
"1361","wilsons warbler","1929",15,"Dreuth"
"1362","wilsons warbler","1930",19,"Dreuth"
"1363","wilsons warbler","1931",13,"Dreuth"
"1364","wilsons warbler","1932",16,"Dreuth"
"1365","winter wren","1929",1,"Dreuth"
"1366","winter wren","1931",1,"Dreuth"
"1367","winter wren","1932",2,"Dreuth"
"1368","wood thrush","1927",2,"Dreuth"
"1369","wood thrush","1928",5,"Dreuth"
"1370","wood thrush","1929",3,"Dreuth"
"1371","wood thrush","1930",3,"Dreuth"
"1372","wood thrush","1931",1,"Dreuth"
"1373","wood thrush","1932",3,"Dreuth"
"1374","yellow bellied flycatcher","1927",3,"Dreuth"
"1375","yellow bellied flycatcher","1928",3,"Dreuth"
"1376","yellow bellied flycatcher","1929",5,"Dreuth"
"1377","yellow bellied flycatcher","1930",7,"Dreuth"
"1378","yellow bellied flycatcher","1931",8,"Dreuth"
"1379","yellow bellied flycatcher","1932",9,"Dreuth"
"1380","yellow bellied sapsucker","1928",7,"Dreuth"
"1381","yellow bellied sapsucker","1929",28,"Dreuth"
"1382","yellow bellied sapsucker","1930",19,"Dreuth"
"1383","yellow bellied sapsucker","1931",20,"Dreuth"
"1384","yellow bellied sapsucker","1932",16,"Dreuth"
"1385","yellow billed cuckoo","1929",2,"Dreuth"
"1386","yellow billed cuckoo","1930",1,"Dreuth"
"1387","yellow billed cuckoo","1932",4,"Dreuth"
"1388","yellow breasted chat","1928",1,"Dreuth"
"1389","yellow breasted chat","1930",1,"Dreuth"
"1390","yellow headed blackbird","1929",1,"Dreuth"
"1391","yellow rumped warbler","1927",7,"Dreuth"
"1392","yellow rumped warbler","1928",23,"Dreuth"
"1393","yellow rumped warbler","1929",35,"Dreuth"
"1394","yellow rumped warbler","1930",25,"Dreuth"
"1395","yellow rumped warbler","1931",31,"Dreuth"
"1396","yellow rumped warbler","1932",28,"Dreuth"
"1397","yellow throated vireo","1929",2,"Dreuth"
"1398","yellow throated vireo","1931",2,"Dreuth"
"1399","yellow warbler","1927",3,"Dreuth"
"1400","yellow warbler","1928",19,"Dreuth"
"1401","yellow warbler","1929",11,"Dreuth"
"1402","yellow warbler","1930",13,"Dreuth"
"1403","yellow warbler","1931",20,"Dreuth"
"1404","yellow warbler","1932",23,"Dreuth"
